seq_idx,motif_rank,motif_wt,motif_mutations,motif_start
5724,46.82570033,AAAATACCA,0,213
13188,46.74371759,AAAATACCA,0,22
32223,45.79120265,AAAATACCA,0,30
2076,42.17897443,AAAATACCA,0,122
20604,36.76812782,AAAATACCA,0,118
11010,33.66965939,AAAATACCA,0,54
13187,33.10521821,AAAATACCA,0,222
30846,33.09616802,AAAATACCA,0,21
22399,30.59766,AAAATACCA,0,118
11778,30.54032259,AAAATACCA,0,32
1894,30.41778037,AAAATACCA,0,164
29914,29.97303462,AAAATACCA,0,129
16127,29.03856132,AAAATACCA,0,206
22280,28.92260657,AAAATACCA,0,130
10384,28.90595501,AAAATACCA,0,63
2639,28.87039952,AAAATACCA,0,43
9360,27.2502428,AAAATACCA,0,1
29952,27.09335207,AAAATACCA,0,26
1876,26.97886085,AAAATACCA,0,162
12622,26.81955211,AAAATACCA,0,36
1894,26.54282728,AAAATACCA,0,173
1944,26.21079311,AAAATACCA,0,136
30258,26.09828297,AAAATACCA,0,37
12370,25.93831641,AAAATACCA,0,62
38439,25.69554261,AAAATACCA,0,25
32968,25.38563581,AAAATACCA,0,30
39688,24.70969569,AAAATACCA,0,18
12643,24.51811211,AAAATACCA,0,77
32699,24.3938985,AAAATACCA,0,18
2411,23.92946744,AAAATACCA,0,37
2188,23.89330316,AAAATACCA,0,24
10425,23.64733371,AAAATACCA,0,21
21871,23.51286842,AAAATACCA,0,29
23179,23.0662122,AAAATACCA,0,19
25097,22.9098541,AAAATACCA,0,116
10383,22.52629532,AAAATACCA,0,163
29915,22.36448,AAAATACCA,0,229
11777,22.22106465,AAAATACCA,0,232
813,22.07567134,AAAATACCA,0,122
2187,21.75857247,AAAATACCA,0,124
30847,21.45730355,AAAATACCA,0,221
5725,21.40888723,AAAATACCA,0,13
29639,21.30901602,AAAATACCA,0,39
21932,21.00868314,AAAATACCA,0,137
19743,20.95369971,AAAATACCA,0,69
28028,20.89869711,AAAATACCA,0,218
25098,20.71267074,AAAATACCA,0,216
10424,20.67664198,AAAATACCA,0,121
12846,20.55589822,AAAATACCA,0,192
32311,20.22212624,AAAATACCA,0,116
31120,20.08944065,AAAATACCA,0,34
813,19.77811693,AAAATACCA,0,113
28027,19.7306476,AAAATACCA,0,18
6694,19.65622458,AAAATACCA,0,22
31676,19.5994232,AAAATACCA,0,53
22037,18.90564957,AAAATACCA,0,121
8184,18.85036415,AAAATACCA,0,49
25767,18.82993224,AAAATACCA,0,34
22929,18.49052556,AAAATACCA,0,100
2398,17.95713024,AAAATACCA,0,19
12846,17.87825847,AAAATACCA,0,230
1722,17.67601989,AAAATACCA,0,132
17407,17.61218982,AAAATACCA,0,162
33590,17.15702523,AAAATACCA,0,39
29507,17.15267312,AAAATACCA,0,78
21536,16.90678695,AAAATACCA,0,118
21878,16.74531413,AAAATACCA,0,76
643,16.2388814,AAAATACCA,0,113
55,16.1987838,AAAATACCA,0,137
21138,16.12361422,AAAATACCA,0,134
1996,15.58446931,AAAATACCA,0,79
30259,15.43256881,AAAATACCA,0,237
19937,15.15894919,AAAATACCA,0,206
2067,14.99863141,AAAATACCA,0,135
3070,14.78135146,AAAATACCA,0,33
25096,14.24770135,AAAATACCA,0,16
15,14.20455707,AAAATACCA,0,224
32771,14.06042674,AAAATACCA,0,45
2410,14.02233612,AAAATACCA,0,237
22832,13.92960331,AAAATACCA,0,7
29955,13.70424001,AAAATACCA,0,176
39130,13.53311023,AAAATACCA,0,185
22560,13.49709892,AAAATACCA,0,156
32224,13.44446966,AAAATACCA,0,230
22928,13.36121421,AAAATACCA,0,0
6694,13.29704197,AAAATACCA,0,13
1353,13.28255254,AAAATACCA,0,147
32700,13.17117823,AAAATACCA,0,218
11690,13.0616172,AAAATACCA,0,239
8572,12.90823665,AAAATACCA,0,30
22303,12.89663688,AAAATACCA,0,16
9357,12.79261871,AAAATACCA,0,51
12621,12.72728384,AAAATACCA,0,236
1284,12.71611987,AAAATACCA,0,151
26797,12.51392108,AAAATACCA,0,21
32312,12.25833914,AAAATACCA,0,216
22084,11.07760111,AAAATACCA,0,134
10955,11.0131162,AAAATACCA,0,91
12847,10.66808253,AAAATACCA,0,30
2367,10.22171735,AAAATACCA,0,189
19742,10.21301984,AAAATACCA,0,169
1703,9.967299883,AAAATACCA,0,139
30181,9.941172515,AAAATACCA,0,115
22183,9.847970638,AAAATACCA,0,153
21322,9.785571641,AAAATACCA,0,221
22751,9.771537763,AAAATACCA,0,218
26798,9.623046133,AAAATACCA,0,121
1994,9.458154785,AAAATACCA,0,130
33967,9.383130195,AAAATACCA,0,42
9505,9.232779685,AAAATACCA,0,64
38880,9.181541017,AAAATACCA,0,207
122,8.821752512,AAAATACCA,0,178
1984,8.669733977,AAAATACCA,0,163
2080,8.643531502,AAAATACCA,0,182
23279,8.579707097,AAAATACCA,0,232
39425,8.530613005,AAAATACCA,0,98
20696,8.483355005,AAAATACCA,0,132
20891,8.353416275,AAAATACCA,0,87
1949,8.312967656,AAAATACCA,0,177
10220,8.251076421,AAAATACCA,0,6
22049,8.206798345,AAAATACCA,0,75
2794,8.105620115,AAAATACCA,0,78
1145,7.983416135,AAAATACCA,0,130
13209,7.699872635,AAAATACCA,0,82
10954,7.578378626,AAAATACCA,0,191
24363,7.506717925,AAAATACCA,0,187
23278,7.497252815,AAAATACCA,0,32
47,7.43862751,AAAATACCA,0,89
13978,7.405463315,AAAATACCA,0,48
30919,7.289466606,AAAATACCA,0,175
1994,7.269895088,AAAATACCA,0,92
14626,7.139974514,AAAATACCA,0,106
3592,7.080679836,AAAATACCA,0,204
266,6.962915556,AAAATACCA,0,104
22750,6.822574997,AAAATACCA,0,18
171,6.708354271,AAAATACCA,0,133
3593,6.290009561,AAAATACCA,0,4
18461,6.185997183,AAAATACCA,0,56
36811,6.138772881,AAAATACCA,0,84
10219,5.823928608,AAAATACCA,0,106
37777,5.755304336,AAAATACCA,0,113
12145,5.752593722,AAAATACCA,0,79
15197,5.589396154,AAAATACCA,0,234
33901,5.518724808,AAAATACCA,0,68
32969,5.504426429,AAAATACCA,0,130
32772,5.381320081,AAAATACCA,0,145
5433,5.350488341,AAAATACCA,0,92
10218,5.330014683,AAAATACCA,0,206
14996,5.31973068,AAAATACCA,0,6
30182,5.197276051,AAAATACCA,0,215
33591,4.982518401,AAAATACCA,0,139
3069,4.944497897,AAAATACCA,0,233
8571,4.875761144,AAAATACCA,0,230
15709,4.781159296,AAAATACCA,0,120
19460,4.679134258,AAAATACCA,0,27
1814,4.646845502,AAAATACCA,0,179
37776,4.428422456,AAAATACCA,0,13
31121,4.372704191,AAAATACCA,0,234
37449,4.299971623,AAAATACCA,0,235
519,4.284467185,AAAATACCA,0,52
22930,4.277294605,AAAATACCA,0,200
38687,4.171576983,AAAATACCA,0,40
39129,3.781922611,AAAATACCA,0,85
22833,3.570121789,AAAATACCA,0,107
9119,3.375537825,AAAATACCA,0,239
13977,3.229068544,AAAATACCA,0,148
26300,3.212052034,AAAATACCA,0,113
38187,3.187567929,AAAATACCA,0,210
2365,2.984720957,AAAATACCA,0,206
25768,2.704328476,AAAATACCA,0,234
19290,2.504417906,AAAATACCA,0,13
27152,2.45470318,AAAATACCA,0,97
19666,2.438846544,AAAATACCA,0,104
17643,2.226760621,AAAATACCA,0,71
29640,2.158689286,AAAATACCA,0,139
9115,2.097690068,AAAATACCA,0,9
5014,2.058156845,AAAATACCA,0,152
32247,1.974432646,AAAATACCA,0,191
14516,1.927210483,AAAATACCA,0,173
11197,1.856764523,AAAATACCA,0,188
17635,1.785899225,AAAATACCA,0,58
38515,1.404185249,AAAATACCA,0,49
15830,1.371007743,AAAATACCA,0,4
10423,1.349593013,AAAATACCA,0,221
9114,1.257355473,AAAATACCA,0,109
10695,1.240265607,AAAATACCA,0,67
30541,1.196936022,AAAATACCA,0,8
19289,1.18215372,AAAATACCA,0,113
21233,1.055185907,AAAATACCA,0,13
6765,1.037920816,AAAATACCA,0,88
6764,1.028624032,AAAATACCA,0,188
20427,0.997211626,AAAATACCA,0,16
23736,0.951133717,AAAATACCA,0,150
14602,0.935143966,AAAATACCA,0,204
2367,0.806709292,AAAATACCA,0,6
39072,0.704230881,AAAATACCA,0,198
22622,0.684756922,AAAATACCA,0,239
11198,0.631466945,AAAATACCA,0,88
14517,0.597243548,AAAATACCA,0,73
26301,0.571509017,AAAATACCA,0,213
27153,0.531353106,AAAATACCA,0,197
15710,0.430778195,AAAATACCA,0,20
21824,0.326735498,AAAATACCA,0,239