##Chrom	GRCh37/hg19 chromosome name				
##Pos	Chromosomal position (1-based)				
##Ref	Reference allele				
##Alt	Alternate allele				
##Value	Estimated variant effect				
##Confidence	Confidence score [0-1]				
#Chrom	Pos	Ref	Alt	Value	Confidence
22	19710788	C	A	0.02	0
22	19710788	C	G	-0.19	0.03
22	19710788	C	T	0.03	0.01
22	19710789	G	A	-0.04	0.01
22	19710789	G	C	0	0
22	19710789	G	T	-2.15	1
22	19710790	T	A	-0.09	0.02
22	19710790	T	C	-0.05	0.01
22	19710790	T	G	-0.09	0.01
22	19710791	T	A	-0.01	0
22	19710791	T	C	-0.1	0.03
22	19710791	T	G	-0.02	0
22	19710792	G	A	0.03	0.01
22	19710792	G	C	-0.07	0.02
22	19710792	G	T	-0.02	0
22	19710793	T	A	-0.19	0.04
22	19710793	T	C	0.01	0
22	19710793	T	G	0.06	0
22	19710794	G	A	0.09	0.03
22	19710794	G	C	0.06	0.01
22	19710794	G	T	-0.08	0.01
22	19710795	A	C	-0.21	0.03
22	19710795	A	G	-0.07	0.01
22	19710795	A	T	0.02	0
22	19710796	A	C	-0.07	0.01
22	19710796	A	G	0.03	0
22	19710796	A	T	-0.12	0.03
22	19710797	T	A	0.01	0
22	19710797	T	C	-0.04	0.01
22	19710797	T	G	0.09	0.01
22	19710798	G	A	-0.01	0
22	19710798	G	C	0.05	0.01
22	19710798	G	T	0.12	0.02
22	19710799	C	A	0.05	0.01
22	19710799	C	G	0.04	0
22	19710799	C	T	0.1	0.1
22	19710800	C	A	0.1	0.02
22	19710800	C	G	0.04	0
22	19710800	C	T	0.06	0.03
22	19710801	G	A	0.05	0.02
22	19710801	G	C	0.08	0.01
22	19710801	G	T	-0.01	0
22	19710802	C	A	0.07	0.01
22	19710802	C	G	-0.08	0.01
22	19710802	C	T	0.03	0.01
22	19710803	G	A	0.03	0.01
22	19710803	G	C	-0.02	0
22	19710803	G	T	0.14	0.03
22	19710804	T	A	0.01	0
22	19710804	T	C	0.06	0.01
22	19710804	T	G	0.05	0
22	19710805	C	A	-0.1	0.02
22	19710805	C	G	-0.14	0.01
22	19710805	C	T	-0.06	0.02
22	19710806	C	A	0.14	0.08
22	19710806	C	G	-0.02	0
22	19710806	C	T	-0.09	0.04
22	19710807	T	A	-0.1	0.02
22	19710807	T	C	-0.05	0.01
22	19710807	T	G	-0.04	0.01
22	19710808	G	A	-0.04	0.02
22	19710808	G	C	-0.03	0.01
22	19710808	G	T	-0.01	0
22	19710809	T	A	0	0
22	19710809	T	C	0.04	0.02
22	19710809	T	G	-0.08	0.01
22	19710810	C	A	-0.04	0.01
22	19710810	C	G	-0.06	0.01
22	19710810	C	T	0.02	0.01
22	19710811	C	A	-0.02	0.01
22	19710811	C	G	-0.04	0
22	19710811	C	T	-0.03	0.01
22	19710812	T	A	-0.06	0.02
22	19710812	T	C	-0.09	0.06
22	19710812	T	G	-0.14	0.02
22	19710813	G	A	0.07	0.03
22	19710813	G	C	0.08	0.01
22	19710813	G	T	0.09	0.02
22	19710814	G	A	0.01	0
22	19710814	G	C	-0.06	0.01
22	19710814	G	T	0.03	0
22	19710815	T	A	0.03	0.01
22	19710815	T	C	-0.02	0.01
22	19710815	T	G	0.08	0.01
22	19710816	G	A	0.02	0
22	19710816	G	C	-0.14	0.02
22	19710816	G	T	-0.15	0.02
22	19710817	A	C	-0.05	0.01
22	19710817	A	G	-0.03	0.01
22	19710817	A	T	-0.11	0.06
22	19710818	C	A	-0.06	0.01
22	19710818	C	G	-0.08	0.02
22	19710818	C	T	-0.03	0.01
22	19710819	A	C	-0.04	0
22	19710819	A	G	-0.04	0.02
22	19710819	A	T	-0.15	0.11
22	19710820	G	A	-0.03	0.01
22	19710820	G	C	-0.1	0.02
22	19710820	G	T	0.05	0.02
22	19710821	G	A	-0.1	0.04
22	19710821	G	C	-0.17	0.01
22	19710821	G	T	-0.01	0
22	19710822	A	C	0.2	0.03
22	19710822	A	G	-0.03	0.01
22	19710822	A	T	-0.07	0.03
22	19710823	G	A	0.14	0.08
22	19710823	G	C	0.05	0
22	19710823	G	T	0.05	0.01
22	19710824	A	C	0.12	0.01
22	19710824	A	G	0.05	0.03
22	19710824	A	T	0.01	0
22	19710825	A	C	0.1	0.02
22	19710825	A	G	0.04	0.02
22	19710825	A	T	-0.02	0.01
22	19710826	C	A	0.12	0.01
22	19710826	C	G	0.07	0.01
22	19710826	C	T	0.01	0
22	19710827	A	C	0.07	0.01
22	19710827	A	G	-0.03	0.01
22	19710827	A	T	-0.01	0
22	19710828	A	C	0.01	0
22	19710828	A	G	0.07	0.04
22	19710828	A	T	0.05	0.02
22	19710829	T	A	0.02	0.01
22	19710829	T	C	0.01	0
22	19710829	T	G	-0.1	0.01
22	19710830	G	A	-0.09	0.04
22	19710830	G	C	-0.03	0
22	19710830	G	T	-0.1	0.01
22	19710831	T	A	-0.02	0.01
22	19710831	T	C	-0.03	0.01
22	19710831	T	G	-0.12	0.02
22	19710832	T	A	-0.05	0.02
22	19710832	T	C	-0.06	0.03
22	19710832	T	G	0.12	0.02
22	19710833	G	A	0.07	0.04
22	19710833	G	C	-0.04	0.01
22	19710833	G	T	0.04	0.01
22	19710834	G	A	0.04	0.02
22	19710834	G	C	-0.01	0
22	19710834	G	T	0.08	0.01
22	19710835	T	A	0.01	0
22	19710835	T	C	-0.03	0.01
22	19710835	T	G	0.03	0
22	19710836	G	A	0.04	0.01
22	19710836	G	C	0.05	0
22	19710836	G	T	-0.13	0.02
22	19710837	A	C	0.08	0.01
22	19710837	A	G	-0.07	0.05
22	19710837	A	T	0.01	0
22	19710838	A	C	-0.07	0.01
22	19710838	A	G	0.01	0
22	19710838	A	T	-0.09	0.03
22	19710839	C	A	0.06	0.01
22	19710839	C	G	0.21	0.1
22	19710839	C	T	0.04	0.02
22	19710840	G	A	0.03	0.01
22	19710840	G	C	-0.04	0
22	19710840	G	T	0	0
22	19710841	T	A	0.05	0.01
22	19710841	T	C	-0.08	0.04
22	19710841	T	G	-0.09	0.01
22	19710842	C	A	-0.02	0
22	19710842	C	G	0.07	0.01
22	19710842	C	T	0.12	0.08
22	19710843	G	A	0.15	0.18
22	19710843	G	C	-0.26	0.07
22	19710843	G	T	0.06	0.01
22	19710844	C	A	0.01	0
22	19710844	C	G	0.02	0
22	19710844	C	T	0.01	0
22	19710845	A	C	0.13	0.01
22	19710845	A	G	-0.05	0.03
22	19710845	A	T	-0.13	0.05
22	19710846	G	A	0.05	0.01
22	19710846	G	C	0.04	0
22	19710846	G	T	-0.04	0.01
22	19710847	C	A	0.01	0
22	19710847	C	G	0.13	0.03
22	19710847	C	T	0.03	0.02
22	19710848	G	A	-0.08	0.04
22	19710848	G	C	-0.34	0.06
22	19710848	G	T	-0.05	0.01
22	19710849	G	A	-0.06	0.03
22	19710849	G	C	0.01	0
22	19710849	G	T	0.04	0.01
22	19710850	G	A	-0.26	0.37
22	19710850	G	C	-0.02	0
22	19710850	G	T	-0.08	0.01
22	19710851	T	A	0.05	0.02
22	19710851	T	C	0	0
22	19710851	T	G	0.02	0
22	19710852	G	A	-0.01	0
22	19710852	G	C	-0.1	0.02
22	19710852	G	T	-0.17	0.01
22	19710853	T	A	0.03	0.01
22	19710853	T	C	0.05	0.02
22	19710853	T	G	-0.04	0.01
22	19710854	C	A	0.08	0.01
22	19710854	C	G	-0.1	0.01
22	19710854	C	T	0.1	0.04
22	19710855	C	A	0.06	0.02
22	19710855	C	G	-0.06	0.01
22	19710855	C	T	0.11	0.07
22	19710856	G	A	0.03	0.01
22	19710856	G	C	0.07	0.01
22	19710856	G	T	0	0
22	19710857	A	C	-0.11	0.01
22	19710857	A	G	0.05	0.02
22	19710857	A	T	0.07	0.03
22	19710858	G	A	0.02	0
22	19710858	G	C	0.23	0.04
22	19710858	G	T	-0.1	0.03
22	19710859	T	A	-0.03	0.01
22	19710859	T	C	-0.05	0.02
22	19710859	T	G	0.08	0.01
22	19710860	G	A	-0.03	0.01
22	19710860	G	C	-0.02	0
22	19710860	G	T	0.08	0.01
22	19710861	C	A	-0.03	0
22	19710861	C	G	-0.16	0.03
22	19710861	C	T	0	0
22	19710862	T	A	-0.05	0.01
22	19710862	T	C	0.06	0.03
22	19710862	T	G	-0.15	0.01
22	19710863	C	A	0.09	0.02
22	19710863	C	G	0.17	0.02
22	19710863	C	T	0.04	0.01
22	19710864	C	A	0.02	0
22	19710864	C	G	0.2	0.04
22	19710864	C	T	0.04	0.02
22	19710865	G	A	-0.09	0.06
22	19710865	G	C	0.09	0.02
22	19710865	G	T	0.02	0
22	19710866	T	A	0.03	0.01
22	19710866	T	C	-0.11	0.09
22	19710866	T	G	-0.19	0.02
22	19710867	G	A	-0.1	0.06
22	19710867	G	C	-0.05	0
22	19710867	G	T	0.1	0.01
22	19710868	T	A	0.01	0
22	19710868	T	C	-0.02	0.01
22	19710868	T	G	0.13	0.03
22	19710869	G	A	-0.1	0.06
22	19710869	G	C	0.03	0
22	19710869	G	T	-0.12	0.01
22	19710870	C	A	0.17	0.06
22	19710870	C	G	0.03	0
22	19710870	C	T	0.02	0.01
22	19710871	C	A	-0.5	0.42
22	19710871	C	G	-0.18	0.02
22	19710871	C	T	-0.05	0.02
22	19710872	C	A	-0.04	0.01
22	19710872	C	G	0.02	0
22	19710872	C	T	-0.06	0.02
22	19710873	C	A	-0.13	0.07
22	19710873	C	G	-0.15	0.02
22	19710873	C	T	0.11	0.05
22	19710874	T	A	0	0
22	19710874	T	C	0.02	0.01
22	19710874	T	G	-0.03	0
22	19710875	G	A	-0.05	0.01
22	19710875	G	C	-0.16	0.01
22	19710875	G	T	-0.06	0.01
22	19710876	A	C	0.1	0.01
22	19710876	A	G	0.02	0.01
22	19710876	A	T	-0.04	0.01
22	19710877	G	A	0.01	0
22	19710877	G	C	0.35	0.02
22	19710877	G	T	0.08	0.03
22	19710878	A	C	-0.05	0
22	19710878	A	G	0.05	0.03
22	19710878	A	T	-0.17	0.06
22	19710879	G	A	0.01	0
22	19710879	G	C	0.21	0.02
22	19710879	G	T	-0.01	0
22	19710880	C	A	0.05	0.01
22	19710880	C	G	0.29	0.11
22	19710880	C	T	0.12	0.14
22	19710881	G	A	-0.44	1
22	19710881	G	C	-0.02	0
22	19710881	G	T	-0.09	0.04
22	19710882	G	A	-0.12	0.09
22	19710882	G	C	-0.22	0.08
22	19710882	G	T	-0.09	0.03
22	19710883	G	A	-0.13	0.12
22	19710883	G	C	-0.17	0.05
22	19710883	G	T	0.13	0.02
22	19710884	T	A	-0.07	0.03
22	19710884	T	C	-0.03	0.01
22	19710884	T	G	0.05	0.01
22	19710885	G	A	-0.02	0
22	19710885	G	C	-0.22	0.02
22	19710885	G	T	0.02	0
22	19710886	G	A	0.04	0.01
22	19710886	G	C	-0.03	0
22	19710886	G	T	-0.12	0.06
22	19710887	G	A	-0.06	0.02
22	19710887	G	C	-0.08	0.01
22	19710887	G	T	-0.15	0.04
22	19710888	A	C	-0.56	0.08
22	19710888	A	G	0.01	0
22	19710888	A	T	-0.24	0.16
22	19710889	G	A	-0.08	0.04
22	19710889	G	C	0.39	0.07
22	19710889	G	T	-0.23	0.15
22	19710890	C	A	-0.36	0.25
22	19710890	C	G	-0.35	0.18
22	19710890	C	T	-0.53	1
22	19710891	G	A	-0.74	1
22	19710891	G	C	-0.94	0.3
22	19710891	G	T	-0.76	1
22	19710892	G	A	-0.76	1
22	19710892	G	C	-0.95	0.19
22	19710892	G	T	-0.84	0.66
22	19710893	A	C	-0.56	0.16
22	19710893	A	G	-0.75	1
22	19710893	A	T	-0.7	1
22	19710894	A	C	-0.59	0.22
22	19710894	A	G	-0.76	1
22	19710894	A	T	-0.2	0.09
22	19710895	G	A	-0.17	0.11
22	19710895	G	C	-0.56	0.18
22	19710895	G	T	-0.49	0.19
22	19710896	C	A	-0.3	0.12
22	19710896	C	G	-0.32	0.05
22	19710896	C	T	0.09	0.05
22	19710897	C	A	-0.05	0.01
22	19710897	C	G	0.12	0.01
22	19710897	C	T	-2.01	1
22	19710898	T	A	0.04	0.01
22	19710898	T	C	-0.04	0.02
22	19710898	T	G	-0.07	0.01
22	19710899	G	A	-0.07	0.02
22	19710899	G	C	0.03	0
22	19710899	G	T	-0.17	0.02
22	19710900	A	C	-0.13	0.01
22	19710900	A	G	0.06	0.03
22	19710900	A	T	0.03	0.01
22	19710901	G	A	0.1	0.04
22	19710901	G	C	0.1	0.01
22	19710901	G	T	0.13	0.05
22	19710902	C	A	0.13	0.03
22	19710902	C	G	0	0
22	19710902	C	T	-0.03	0.02
22	19710903	G	A	0.13	0.07
22	19710903	G	C	0.2	0.01
22	19710903	G	T	0.19	0.07
22	19710904	G	A	0.02	0.01
22	19710904	G	C	0.08	0.01
22	19710904	G	T	-0.11	0.02
22	19710905	C	A	0.02	0
22	19710905	C	G	0.18	0.03
22	19710905	C	T	-0.23	0.3
22	19710906	C	A	0.24	0.21
22	19710906	C	G	0.19	0.03
22	19710906	C	T	-0.12	0.05
22	19710907	T	A	0.21	0.15
22	19710907	T	C	0.06	0.03
22	19710907	T	G	0.16	0.03
22	19710908	G	A	0.15	0.1
22	19710908	G	C	0.37	0.07
22	19710908	G	T	0.21	0.03
22	19710909	C	A	0.03	0
22	19710909	C	G	0.01	0
22	19710909	C	T	0.32	0.91
22	19710910	G	A	0.19	0.16
22	19710910	G	C	0.18	0.02
22	19710910	G	T	0.52	0.55
22	19710911	G	A	0.02	0.01
22	19710911	G	C	0.05	0
22	19710911	G	T	-0.07	0.01
22	19710912	C	A	-0.1	0.01
22	19710912	C	G	-0.04	0
22	19710912	C	T	-0.16	0.15
22	19710913	C	A	0.25	0.11
22	19710913	C	G	0.03	0
22	19710913	C	T	0.06	0.01
22	19710914	T	A	-0.13	0.04
22	19710914	T	C	-0.05	0.02
22	19710914	T	G	-0.12	0.01
22	19710915	C	A	-0.12	0.02
22	19710915	C	G	-0.34	0.04
22	19710915	C	T	-0.03	0.01
22	19710916	C	A	0.03	0.01
22	19710916	C	G	-0.02	0
22	19710916	C	T	0.04	0.02
22	19710917	G	A	0.01	0
22	19710917	G	C	-0.66	0.23
22	19710917	G	T	0.01	0
22	19710918	G	A	-0.13	0.07
22	19710918	G	C	-0.04	0
22	19710918	G	T	-0.02	0
22	19710919	C	A	0.08	0.02
22	19710919	C	G	-0.51	0.27
22	19710919	C	T	-0.02	0.01
22	19710920	G	A	-0.67	1
22	19710920	G	C	-0.61	0.26
22	19710920	G	T	-0.45	0.24
22	19710921	A	C	-0.67	0.14
22	19710921	A	G	-0.56	1
22	19710921	A	T	-0.4	0.61
22	19710922	T	A	-0.59	0.61
22	19710922	T	C	-0.52	1
22	19710922	T	G	-0.63	0.11
22	19710923	A	C	-0.38	0.05
22	19710923	A	G	-0.58	1
22	19710923	A	T	-0.29	0.23
22	19710924	G	A	0.14	0.14
22	19710924	G	C	-0.11	0.03
22	19710924	G	T	-0.17	0.13
22	19710925	T	A	-0.14	0.07
22	19710925	T	C	0.08	0.06
22	19710925	T	G	-0.04	0.01
22	19710926	G	A	-0.15	0.19
22	19710926	G	C	-0.06	0.01
22	19710926	G	T	-0.27	0.08
22	19710927	T	A	-0.12	0.1
22	19710927	T	C	0.1	0.08
22	19710927	T	G	0	0
22	19710928	G	A	-0.06	0.03
22	19710928	G	C	-0.02	0
22	19710928	G	T	-0.16	0.03
22	19710929	C	A	-0.18	0.12
22	19710929	C	G	-0.21	0.06
22	19710929	C	T	0.23	0.46
22	19710930	T	A	-0.43	0.33
22	19710930	T	C	-0.9	1
22	19710930	T	G	-1.04	0.27
22	19710931	A	C	-1.11	0.24
22	19710931	A	G	-1.03	1
22	19710931	A	T	-1.01	1
22	19710932	T	A	-0.87	1
22	19710932	T	C	-1.49	1
22	19710932	T	G	-0.87	0.25
22	19710933	C	A	-1.1	1
22	19710933	C	G	-0.95	0.83
22	19710933	C	T	-1.1	1
22	19710934	T	A	0.06	0.02
22	19710934	T	C	-0.32	0.65
22	19710934	T	G	-0.11	0.02
22	19710935	G	A	-0.18	0.17
22	19710935	G	C	0.11	0.01
22	19710935	G	T	-0.11	0.01
22	19710936	C	A	0.07	0.01
22	19710936	C	G	0.19	0.05
22	19710936	C	T	0.15	0.14
22	19710937	C	A	0.11	0.03
22	19710937	C	G	-0.17	0.03
22	19710937	C	T	0.09	0.06
22	19710938	G	A	0.03	0.01
22	19710938	G	C	0.01	0
22	19710938	G	T	0.13	0.03
22	19710939	C	A	0.09	0.02
22	19710939	C	G	0.06	0.01
22	19710939	C	T	0.07	0.03
22	19710940	T	A	-0.2	0.14
22	19710940	T	C	-0.43	1
22	19710940	T	G	-0.11	0.01
22	19710941	G	A	-0.18	0.21
22	19710941	G	C	-0.11	0.01
22	19710941	G	T	-0.21	0.03
22	19710942	C	A	-0.84	0.22
22	19710942	C	G	-0.68	0.21
22	19710942	C	T	-0.67	1
22	19710943	A	C	-0.15	0.01
22	19710943	A	G	-1.24	1
22	19710943	A	T	-0.46	0.43
22	19710944	G	A	0.17	0.13
22	19710944	G	C	-0.39	0.07
22	19710944	G	T	-0.62	0.64
22	19710945	C	A	0.17	0.05
22	19710945	C	G	-0.05	0.01
22	19710945	C	T	0.04	0.03
22	19710946	G	A	-0.45	0.91
22	19710946	G	C	0.13	0.02
22	19710946	G	T	0.09	0.02
22	19710947	C	A	0.06	0.01
22	19710947	C	G	-0.05	0.01
22	19710947	C	T	0.09	0.07
22	19710948	G	A	0.01	0
22	19710948	G	C	-0.15	0.02
22	19710948	G	T	0.03	0
22	19710949	C	A	-0.02	0
22	19710949	C	G	-0.09	0.01
22	19710949	C	T	-0.18	0.2
22	19710950	G	A	0.11	0.07
22	19710950	G	C	0.05	0.01
22	19710950	G	T	0.43	0.12
22	19710951	T	A	0.07	0.02
22	19710951	T	C	-0.01	0
22	19710951	T	G	-0.03	0
22	19710952	C	A	-0.14	0.02
22	19710952	C	G	-0.15	0.01
22	19710952	C	T	-0.01	0
22	19710953	C	A	0.07	0.02
22	19710953	C	G	0.15	0.02
22	19710953	C	T	0.11	0.08
22	19710954	G	A	-0.1	0.06
22	19710954	G	C	-0.01	0
22	19710954	G	T	0.02	0
22	19710955	C	A	0.11	0.03
22	19710955	C	G	0.32	0.08
22	19710955	C	T	0.14	0.12
22	19710956	G	A	0	0
22	19710956	G	C	0.18	0.02
22	19710956	G	T	0.14	0.04
22	19710957	C	A	0.18	0.04
22	19710957	C	G	0.15	0.02
22	19710957	C	T	-0.09	0.06
22	19710958	G	A	0.05	0.01
22	19710958	G	C	-0.06	0
22	19710958	G	T	0.08	0.01
22	19710959	G	A	-0.19	0.17
22	19710959	G	C	-0.05	0
22	19710959	G	T	-0.07	0.01
22	19710960	C	A	-0.11	0.01
22	19710960	C	G	0.07	0
22	19710960	C	T	0.04	0.01
22	19710961	C	A	-0.05	0.01
22	19710961	C	G	-0.15	0.01
22	19710961	C	T	0.06	0.01
22	19710962	T	A	0.01	0
22	19710962	T	C	0.09	0.06
22	19710962	T	G	0.21	0.03
22	19710963	C	A	-0.08	0.03
22	19710963	C	G	-0.16	0.01
22	19710963	C	T	-0.05	0.01
22	19710964	T	A	0.06	0.02
22	19710964	T	C	0.02	0.01
22	19710964	T	G	0.03	0
22	19710965	G	A	0	0
22	19710965	G	C	-0.07	0.01
22	19710965	G	T	-0.13	0.02
22	19710966	G	A	0.17	0.12
22	19710966	G	C	-0.01	0
22	19710966	G	T	0.11	0.05
22	19710967	G	A	-0.05	0.03
22	19710967	G	C	-0.51	0.27
22	19710967	G	T	-0.11	0.03
22	19710968	C	A	-0.18	0.1
22	19710968	C	G	-0.37	0.14
22	19710968	C	T	-0.03	0.01
22	19710969	T	A	-0.37	0.19
22	19710969	T	C	-0.26	0.24
22	19710969	T	G	-0.61	0.1
22	19710970	A	C	-0.29	0.02
22	19710970	A	G	-0.34	0.5
22	19710970	A	T	-0.23	0.16
22	19710971	T	A	-0.39	0.31
22	19710971	T	C	-0.33	0.67
22	19710971	T	G	-0.21	0.04
22	19710972	T	A	-0.03	0.01
22	19710972	T	C	0.01	0
22	19710972	T	G	-0.21	0.05
22	19710973	T	A	-0.17	0.11
22	19710973	T	C	-0.04	0.02
22	19710973	T	G	-0.37	0.11
22	19710974	C	A	-0.25	0.16
22	19710974	C	G	-0.61	0.22
22	19710974	C	T	0.24	0.18
22	19710975	T	A	-0.07	0.03
22	19710975	T	C	0.38	0.88
22	19710975	T	G	-0.02	0
22	19710976	G	A	0.01	0
22	19710976	G	C	-0.01	0
22	19710976	G	T	-0.16	0.03
22	19710977	G	A	-0.1	0.07
22	19710977	G	C	-0.07	0.01
22	19710977	G	T	0.12	0.03
22	19710978	C	A	0.03	0
22	19710978	C	G	-0.22	0.09
22	19710978	C	T	-0.42	1
22	19710979	C	A	0.09	0.02
22	19710979	C	G	0.05	0.01
22	19710979	C	T	0.01	0
22	19710980	A	C	0.07	0.01
22	19710980	A	G	-0.11	0.09
22	19710980	A	T	0.1	0.05
22	19710981	G	A	0.06	0.02
22	19710981	G	C	-0.03	0
22	19710981	G	T	0.01	0
22	19710982	G	A	0.07	0.03
22	19710982	G	C	-0.14	0.02
22	19710982	G	T	-0.1	0.02
22	19710983	C	A	-0.04	0.01
22	19710983	C	G	-0.04	0.01
22	19710983	C	T	-0.16	0.17
22	19710984	C	A	0.01	0
22	19710984	C	G	-0.06	0
22	19710984	C	T	-0.02	0.01
22	19710985	G	A	0.02	0.01
22	19710985	G	C	-0.15	0.03
22	19710985	G	T	-0.04	0.01
22	19710986	C	A	-0.11	0.01
22	19710986	C	G	-0.03	0
22	19710986	C	T	-0.13	0.1
22	19710987	A	C	-0.17	0.04
22	19710987	A	G	-0.2	0.24
22	19710987	A	T	0.01	0
22	19710988	G	A	-0.08	0.07
22	19710988	G	C	-0.18	0.04
22	19710988	G	T	0.12	0.05
22	19710989	C	A	0.19	0.03
22	19710989	C	G	0.15	0.02
22	19710989	C	T	-0.03	0.01
22	19710990	A	C	0.04	0
22	19710990	A	G	0.04	0.02
22	19710990	A	T	0.04	0.01
22	19710991	C	A	0.02	0.01
22	19710991	C	G	-0.1	0.03
22	19710991	C	T	0	0
22	19710992	T	A	-0.04	0.01
22	19710992	T	C	-0.11	0.09
22	19710992	T	G	-0.02	0
22	19710993	G	A	-0.19	0.22
22	19710993	G	C	-0.11	0.02
22	19710993	G	T	-0.11	0.01
22	19710994	T	A	-0.18	0.17
22	19710994	T	C	-0.02	0.01
22	19710994	T	G	-0.28	0.06
22	19710995	G	A	-0.18	0.12
22	19710995	G	C	0.01	0
22	19710995	G	T	0.01	0
22	19710996	G	A	-0.04	0.02
22	19710996	G	C	-0.2	0.06
22	19710996	G	T	-0.3	0.15
22	19710997	T	A	-0.17	0.1
22	19710997	T	C	-0.05	0.02
22	19710997	T	G	0.37	0.15
22	19710998	C	A	-0.08	0.02
22	19710998	C	G	-0.02	0
22	19710998	C	T	0.02	0.01
22	19710999	G	A	0.03	0.01
22	19710999	G	C	-0.13	0.02
22	19710999	G	T	-0.1	0.04
22	19711000	G	A	0.02	0.01
22	19711000	G	C	-0.05	0.01
22	19711000	G	T	0.06	0.01
22	19711001	T	A	0.23	0.13
22	19711001	T	C	0.17	0.17
22	19711001	T	G	0.21	0.03
22	19711002	G	A	0.15	0.11
22	19711002	G	C	-0.04	0
22	19711002	G	T	0.13	0.02
22	19711003	C	A	0.27	0.17
22	19711003	C	G	0.35	0.17
22	19711003	C	T	0.37	1
22	19711004	G	A	0.13	0.1
22	19711004	G	C	0.19	0.01
22	19711004	G	T	0.01	0
22	19711005	G	A	-0.11	0.05
22	19711005	G	C	-0.38	0.08
22	19711005	G	T	-0.22	0.1
22	19711006	G	A	-0.05	0.02
22	19711006	G	C	-0.4	0.1
22	19711006	G	T	-0.41	0.19
22	19711007	C	A	-0.31	0.16
22	19711007	C	G	-0.22	0.07
22	19711007	C	T	-0.18	0.21
22	19711008	G	A	-0.44	1
22	19711008	G	C	-0.46	0.29
22	19711008	G	T	-0.46	0.14
22	19711009	T	A	-0.31	0.32
22	19711009	T	C	-0.32	0.56
22	19711009	T	G	0.01	0
22	19711010	G	A	-0.35	0.43
22	19711010	G	C	-0.58	0.08
22	19711010	G	T	-0.21	0.04
22	19711011	G	A	-0.17	0.19
22	19711011	G	C	-0.25	0.07
22	19711011	G	T	0	0
22	19711012	C	A	-0.12	0.01
22	19711012	C	G	-0.63	0.37
22	19711012	C	T	-0.14	0.13
22	19711013	A	C	-0.08	0.01
22	19711013	A	G	-0.07	0.05
22	19711013	A	T	-0.04	0.01
22	19711014	G	A	-0.12	0.07
22	19711014	G	C	-0.6	0.11
22	19711014	G	T	0.06	0.02
22	19711015	G	A	-0.15	0.09
22	19711015	G	C	-0.81	0.13
22	19711015	G	T	-0.89	1
22	19711016	G	A	-0.56	1
22	19711016	G	C	-0.89	0.35
22	19711016	G	T	-1.17	1
22	19711017	G	A	-0.49	1
22	19711017	G	C	-0.36	0.06
22	19711017	G	T	-0.72	0.56
22	19711018	C	A	-0.04	0.01
22	19711018	C	G	-0.32	0.15
22	19711018	C	T	-0.24	0.37
22	19711019	G	A	-0.52	1
22	19711019	G	C	-0.52	0.04
22	19711019	G	T	-0.4	0.27
22	19711020	G	A	-0.56	1
22	19711020	G	C	-0.63	0.16
22	19711020	G	T	0.03	0.01
22	19711021	G	A	-0.17	0.1
22	19711021	G	C	-0.42	0.08
22	19711021	G	T	-0.48	0.36
22	19711022	G	A	-0.13	0.08
22	19711022	G	C	-0.25	0.04
22	19711022	G	T	-0.3	0.12
22	19711023	C	A	-0.19	0.05
22	19711023	C	G	-0.45	0.15
22	19711023	C	T	-0.19	0.28
22	19711024	G	A	-0.03	0.01
22	19711024	G	C	0.07	0.01
22	19711024	G	T	0.08	0.02
22	19711025	G	A	0.14	0.12
22	19711025	G	C	0.02	0
22	19711025	G	T	0.04	0
22	19711026	C	A	0.03	0
22	19711026	C	G	-0.03	0
22	19711026	C	T	-0.04	0.02
22	19711027	C	A	-0.13	0.06
22	19711027	C	G	-0.17	0.01
22	19711027	C	T	-0.11	0.05
22	19711028	T	A	-0.14	0.1
22	19711028	T	C	-0.12	0.08
22	19711028	T	G	-0.14	0.04
22	19711029	T	A	-0.37	0.18
22	19711029	T	C	-0.2	0.18
22	19711029	T	G	-0.31	0.04
22	19711030	A	C	-0.2	0.01
22	19711030	A	G	-0.13	0.07
22	19711030	A	T	-0.28	0.16
22	19711031	T	A	0.04	0.01
22	19711031	T	C	-0.32	0.58
22	19711031	T	G	-0.36	0.03
22	19711032	C	A	-0.33	0.14
22	19711032	C	G	-0.41	0.15
22	19711032	C	T	-0.23	0.26
22	19711033	G	A	0	0
22	19711033	G	C	-0.1	0.02
22	19711033	G	T	0.01	0
22	19711034	C	A	0.12	0.03
22	19711034	C	G	0.06	0.01
22	19711034	C	T	-0.1	0.06
22	19711035	T	A	-0.01	0
22	19711035	T	C	0.04	0.02
22	19711035	T	G	-0.05	0
22	19711036	C	A	0	0
22	19711036	C	G	-0.08	0.01
22	19711036	C	T	-0.04	0.02
22	19711037	G	A	0	0
22	19711037	G	C	-0.19	0.02
22	19711037	G	T	0.01	0
22	19711038	G	A	0	0
22	19711038	G	C	0.01	0
22	19711038	G	T	0.07	0.01
22	19711039	C	A	-0.08	0.02
22	19711039	C	G	-0.16	0.03
22	19711039	C	T	-0.02	0.01
22	19711040	T	A	0.02	0
22	19711040	T	C	0.15	0.17
22	19711040	T	G	-0.03	0
22	19711041	C	A	-0.12	0.04
22	19711041	C	G	0.15	0.01
22	19711041	C	T	-0.06	0.01
22	19711042	T	A	0.14	0.07
22	19711042	T	C	0.08	0.05
22	19711042	T	G	0.04	0
22	19711043	C	A	-0.02	0
22	19711043	C	G	0.09	0.01
22	19711043	C	T	0.49	0.76
22	19711044	C	A	0.03	0.01
22	19711044	C	G	-0.04	0
22	19711044	C	T	0.13	0.06
22	19711045	C	A	0.15	0.06
22	19711045	C	G	0.35	0.03
22	19711045	C	T	0.09	0.05
22	19711046	G	A	-0.15	0.12
22	19711046	G	C	0.21	0.03
22	19711046	G	T	0.06	0.01
22	19711047	C	A	0.09	0.02
22	19711047	C	G	0.13	0.03
22	19711047	C	T	0.15	0.12
22	19711048	C	A	-0.26	0.22
22	19711048	C	G	-0.15	0.02
22	19711048	C	T	0.02	0.01
22	19711049	T	A	-0.11	0.03
22	19711049	T	C	0.02	0.01
22	19711049	T	G	-0.08	0.01
22	19711050	A	C	-0.05	0
22	19711050	A	G	-0.02	0.01
22	19711050	A	T	-0.1	0.03
22	19711051	C	A	-0.17	0.04
22	19711051	C	G	0.03	0.01
22	19711051	C	T	-0.15	0.2
22	19711052	G	A	0	0
22	19711052	G	C	0.25	0.05
22	19711052	G	T	0.07	0.01
22	19711053	C	A	-0.07	0.01
22	19711053	C	G	-0.09	0.01
22	19711053	C	T	0.01	0
22	19711054	C	A	-0.21	0.13
22	19711054	C	G	-0.01	0
22	19711054	C	T	0.01	0
22	19711055	T	A	0.04	0.01
22	19711055	T	C	-0.02	0.01
22	19711055	T	G	-0.03	0
22	19711056	C	A	0.02	0
22	19711056	C	G	-0.04	0
22	19711056	C	T	0.3	0.28
22	19711057	C	A	-0.08	0.03
22	19711057	C	G	-0.12	0.02
22	19711057	C	T	-0.1	0.04
22	19711058	C	A	0.08	0.02
22	19711058	C	G	-0.08	0
22	19711058	C	T	0	0
22	19711059	G	A	0.08	0.05
22	19711059	G	C	0.18	0.04
22	19711059	G	T	0.06	0.01
22	19711060	C	A	0.04	0.01
22	19711060	C	G	-0.06	0.01
22	19711060	C	T	0.01	0
22	19711061	T	A	-0.09	0.04
22	19711061	T	C	0.05	0.02
22	19711061	T	G	0.13	0.02
22	19711062	G	A	0.13	0.11
22	19711062	G	C	0.01	0
22	19711062	G	T	0.11	0.02
22	19711063	C	A	-0.1	0.02
22	19711063	C	G	0.03	0
22	19711063	C	T	0.05	0.02
22	19711064	A	C	-0.07	0.01
22	19711064	A	G	-0.03	0.01
22	19711064	A	T	0.09	0.04
22	19711065	G	A	-0.13	0.07
22	19711065	G	C	-0.03	0
22	19711065	G	T	0.05	0.02
22	19711066	A	C	0.08	0.01
22	19711066	A	G	-0.11	0.07
22	19711066	A	T	0.07	0.02
22	19711067	G	A	-0.06	0.02
22	19711067	G	C	-0.07	0.01
22	19711067	G	T	-0.02	0.01
22	19711068	T	A	-0.04	0.01
22	19711068	T	C	-0.01	0
22	19711068	T	G	0.1	0.01
22	19711069	A	C	0.12	0.01
22	19711069	A	G	0.02	0.01
22	19711069	A	T	0.01	0
22	19711070	A	C	-0.05	0.01
22	19711070	A	G	-0.01	0
22	19711070	A	T	-0.33	0.36
22	19711071	G	A	-0.08	0.04
22	19711071	G	C	-0.02	0
22	19711071	G	T	-0.14	0.05
22	19711072	C	A	-0.13	0.03
22	19711072	C	G	-0.17	0.05
22	19711072	C	T	-0.05	0.03
22	19711073	C	A	-0.06	0.02
22	19711073	C	G	0	0
22	19711073	C	T	0.08	0.04
22	19711074	G	A	0.07	0.04
22	19711074	G	C	0	0
22	19711074	G	T	-0.05	0.01
22	19711075	G	A	0.04	0.01
22	19711075	G	C	-0.03	0
22	19711075	G	T	-0.02	0
22	19711076	G	A	0	0
22	19711076	G	C	-0.14	0.02
22	19711076	G	T	-0.04	0.01
22	19711077	C	A	0.12	0.02
22	19711077	C	G	-0.12	0.02
22	19711077	C	T	-0.02	0.01
22	19711078	T	A	0.06	0.01
22	19711078	T	C	0.04	0.01
22	19711078	T	G	-0.03	0
22	19711079	G	A	-0.1	0.06
22	19711079	G	C	0.08	0.01
22	19711079	G	T	0.14	0.01
22	19711080	C	A	0.13	0.03
22	19711080	C	G	-0.08	0.01
22	19711080	C	T	0.04	0.02
22	19711081	C	A	-0.06	0.01
22	19711081	C	G	-0.26	0.04
22	19711081	C	T	0.03	0.01
22	19711082	G	A	0.21	0.29
22	19711082	G	C	-0.17	0.05
22	19711082	G	T	-0.04	0.01
22	19711083	T	A	-0.1	0.03
22	19711083	T	C	-0.1	0.07
22	19711083	T	G	-0.09	0.01
22	19711084	C	A	-0.07	0.01
22	19711084	C	G	0.01	0
22	19711084	C	T	0.05	0.01
22	19711085	T	A	0.14	0.08
22	19711085	T	C	-0.03	0.01
22	19711085	T	G	0.04	0.01
22	19711086	T	A	-0.14	0.06
22	19711086	T	C	-0.07	0.04
22	19711086	T	G	-0.03	0
22	19711087	C	A	-0.06	0.02
22	19711087	C	G	0.22	0.03
22	19711087	C	T	0.16	0.09
22	19711088	T	A	0.04	0.01
22	19711088	T	C	-0.35	0.7
22	19711088	T	G	-0.05	0
22	19711089	C	A	-0.1	0.02
22	19711089	C	G	-0.07	0.01
22	19711089	C	T	-0.09	0.04
22	19711090	G	A	-0.05	0.02
22	19711090	G	C	-0.23	0.06
22	19711090	G	T	-0.18	0.05
22	19711091	C	A	0.03	0
22	19711091	C	G	0.12	0.03
22	19711091	C	T	0.01	0
22	19711092	C	A	-0.05	0.01
22	19711092	C	G	0.22	0.04
22	19711092	C	T	-0.13	0.08
22	19711093	A	C	-0.02	0
22	19711093	A	G	-0.09	0.05
22	19711093	A	T	-0.1	0.05
22	19711094	T	A	-0.02	0
22	19711094	T	C	0.03	0.01
22	19711094	T	G	-0.15	0.02
22	19711095	G	A	0.1	0.04
22	19711095	G	C	-0.01	0
22	19711095	G	T	0	0
22	19711096	G	A	0.03	0.01
22	19711096	G	C	-0.03	0
22	19711096	G	T	-0.24	0.15
22	19711097	G	A	0.06	0.03
22	19711097	G	C	0.35	0.06
22	19711097	G	T	-0.05	0.01
22	19711098	C	A	0.01	0
22	19711098	C	G	-0.15	0.04
22	19711098	C	T	-0.01	0
22	19711099	T	A	-0.02	0
22	19711099	T	C	-0.09	0.06
22	19711099	T	G	0.09	0.01
22	19711100	C	A	-0.06	0.01
22	19711100	C	G	-0.25	0.03
22	19711100	C	T	-0.1	0.04
22	19711101	C	A	-0.39	0.49
22	19711101	C	G	0.03	0
22	19711101	C	T	-0.02	0.01
22	19711102	G	A	-0.06	0.03
22	19711102	G	C	0.02	0
22	19711102	G	T	-0.02	0.01
22	19711103	G	A	0.04	0.01
22	19711103	G	C	0.04	0
22	19711103	G	T	-0.13	0.01
22	19711104	T	A	0.07	0.02
22	19711104	T	C	0.01	0
22	19711104	T	G	0.02	0
22	19711105	G	A	0	0
22	19711105	G	C	-0.38	0.03
22	19711105	G	T	-0.1	0.01
22	19711106	A	C	-0.1	0.01
22	19711106	A	G	0.03	0.01
22	19711106	A	T	0.03	0.01
22	19711107	G	A	-0.17	0.13
22	19711107	G	C	-0.05	0.01
22	19711107	G	T	-0.06	0.01
22	19711108	T	A	0.02	0
22	19711108	T	C	-0.1	0.07
22	19711108	T	G	0.02	0
22	19711109	C	A	-0.09	0.04
22	19711109	C	G	0.06	0.01
22	19711109	C	T	-0.09	0.03
22	19711110	T	A	0	0
22	19711110	T	C	0.02	0.01
22	19711110	T	G	0.14	0.03
22	19711111	G	A	-0.33	0.02
22	19711111	G	C	-0.33	0.05
22	19711111	G	T	-0.16	0.03
22	19711112	G	A	0.02	0
22	19711112	G	C	-0.22	0.02
22	19711112	G	T	-0.02	0
22	19711113	A	C	-0.15	0.02
22	19711113	A	G	-0.03	0.01
22	19711113	A	T	-0.05	0.01
22	19711114	G	A	-0.16	0.07
22	19711114	G	C	0.13	0.02
22	19711114	G	T	-0.01	0
22	19711115	T	A	-0.06	0.02
22	19711115	T	C	-0.01	0
22	19711115	T	G	0.06	0.01
22	19711116	C	A	0.01	0
22	19711116	C	G	-0.03	0
22	19711116	C	T	-0.02	0.01
22	19711117	C	A	-0.01	0
22	19711117	C	G	0.13	0.02
22	19711117	C	T	-0.04	0.02
22	19711118	G	A	0.03	0.01
22	19711118	G	C	0.12	0.02
22	19711118	G	T	0.01	0
22	19711119	G	A	0	0
22	19711119	G	C	-0.04	0
22	19711119	G	T	0.08	0.01
22	19711120	T	A	-0.07	0.02
22	19711120	T	C	0.03	0.01
22	19711120	T	G	-0.16	0.02
22	19711121	C	A	-0.14	0.04
22	19711121	C	G	-0.03	0
22	19711121	C	T	0.01	0
22	19711122	G	A	-0.06	0.03
22	19711122	G	C	0.24	0.02
22	19711122	G	T	0.08	0.02
22	19711123	G	A	-0.06	0.02
22	19711123	G	C	0.09	0
22	19711123	G	T	0.07	0.01
22	19711124	G	A	-0.11	0.06
22	19711124	G	C	0.2	0.04
22	19711124	G	T	-0.04	0.01
22	19711125	C	A	-0.02	0
22	19711125	C	G	0.08	0.01
22	19711125	C	T	-0.02	0.01
22	19711126	C	A	-0.01	0
22	19711126	C	G	-0.07	0.01
22	19711126	C	T	0	0
22	19711127	C	A	0.1	0.02
22	19711127	C	G	-0.09	0.01
22	19711127	C	T	-0.01	0
22	19711128	C	A	-0.02	0
22	19711128	C	G	0.06	0
22	19711128	C	T	-0.03	0.01
22	19711129	C	A	-0.03	0.01
22	19711129	C	G	-0.03	0.01
22	19711129	C	T	0	0
22	19711130	G	A	-0.09	0.05
22	19711130	G	C	-0.03	0
22	19711130	G	T	-0.06	0.02
22	19711131	G	A	-0.02	0.01
22	19711131	G	C	0.13	0.02
22	19711131	G	T	-0.05	0.01
22	19711132	C	A	-0.14	0.03
22	19711132	C	G	0.01	0
22	19711132	C	T	-0.02	0.01
22	19711133	T	A	0.03	0.01
22	19711133	T	C	0.04	0.02
22	19711133	T	G	0.11	0.01
22	19711134	G	A	0.04	0.02
22	19711134	G	C	-0.02	0
22	19711134	G	T	0	0
22	19711135	C	A	0	0
22	19711135	C	G	-0.11	0.01
22	19711135	C	T	0.01	0
22	19711136	T	A	-0.07	0.02
22	19711136	T	C	0.02	0
22	19711136	T	G	0.18	0.02
22	19711137	C	A	0.12	0.03
22	19711137	C	G	0.12	0.01
22	19711137	C	T	-0.02	0
22	19711138	C	A	0	0
22	19711138	C	G	0.02	0
22	19711138	C	T	0	0
22	19711139	C	A	0.01	0
22	19711139	C	G	0.01	0
22	19711139	C	T	0.01	0
22	19711140	T	A	0.01	0
22	19711140	T	C	0	0
22	19711140	T	G	0.13	0.01
22	19711141	A	C	-0.13	0.01
22	19711141	A	G	0.01	0
22	19711141	A	T	0.03	0
22	19711142	G	A	-0.02	0.01
22	19711142	G	C	0	0
22	19711142	G	T	-0.02	0
22	19711143	G	A	-0.03	0.01
22	19711143	G	C	0.05	0
22	19711143	G	T	-0.01	0
22	19711144	C	A	-0.06	0.01
22	19711144	C	G	0.06	0.01
22	19711144	C	T	0.03	0.01
22	19711145	C	A	-0.04	0.01
22	19711145	C	G	-0.09	0.01
22	19711145	C	T	-0.04	0.01
22	19711146	G	A	0	0
22	19711146	G	C	-0.02	0
22	19711146	G	T	-0.02	0
22	19711147	A	C	0.05	0
22	19711147	A	G	-0.02	0
22	19711147	A	T	-0.03	0
22	19711148	C	A	-0.01	0
22	19711148	C	G	0.05	0.01
22	19711148	C	T	0.05	0.02
22	19711149	C	A	-0.02	0
22	19711149	C	G	-0.05	0.01
22	19711149	C	T	-0.04	0.01
22	19711150	C	A	0.05	0.01
22	19711150	C	G	0.05	0.01
22	19711150	C	T	0	0
22	19711151	G	A	0	0
22	19711151	G	C	-0.01	0
22	19711151	G	T	0.03	0.01
22	19711152	G	A	0.02	0.01
22	19711152	G	C	-0.05	0.01
22	19711152	G	T	-0.08	0.02
22	19711153	G	A	-0.02	0
22	19711153	G	C	-0.12	0.02
22	19711153	G	T	0.08	0.01
22	19711154	T	A	0.05	0.01
22	19711154	T	C	-0.07	0.03
22	19711154	T	G	0.02	0
22	19711155	T	A	0.03	0.02
22	19711155	T	C	0.04	0.01
22	19711155	T	G	-0.06	0.01
22	19711156	G	A	-0.02	0
22	19711156	G	C	-0.04	0
22	19711156	G	T	-0.22	0.03
22	19711157	A	C	-0.22	0.02
22	19711157	A	G	-0.01	0
22	19711157	A	T	0.07	0.01
22	19711158	G	A	-0.04	0.01
22	19711158	G	C	-0.18	0.01
22	19711158	G	T	-0.05	0.01
22	19711159	A	C	0.02	0
22	19711159	A	G	-0.05	0.01
22	19711159	A	T	-0.02	0
22	19711160	G	A	-0.02	0.01
22	19711160	G	C	-0.22	0.01
22	19711160	G	T	-0.08	0.04
22	19711161	G	A	0.01	0
22	19711161	G	C	0.13	0.01
22	19711161	G	T	0.05	0.01
22	19711162	A	C	0.05	0
22	19711162	A	G	-0.01	0
22	19711162	A	T	-0.04	0
22	19711163	G	A	-0.01	0
22	19711163	G	C	0.06	0.01
22	19711163	G	T	0.02	0
22	19711164	C	A	0.04	0.01
22	19711164	C	G	-0.13	0.03
22	19711164	C	T	0.06	0.04
22	19711165	T	A	0.05	0.01
22	19711165	T	C	0.01	0
22	19711165	T	G	-0.05	0
22	19711166	C	A	0.02	0
22	19711166	C	G	-0.13	0.01
22	19711166	C	T	0.02	0
22	19711167	T	A	-0.06	0.01
22	19711167	T	C	-0.11	0.03
22	19711167	T	G	-0.06	0.01
22	19711168	G	A	0.04	0.01
22	19711168	G	C	-0.25	0.03
22	19711168	G	T	-0.06	0.01
22	19711169	G	A	0.02	0
22	19711169	G	C	-0.02	0
22	19711169	G	T	-0.03	0
22	19711170	T	A	-0.03	0
22	19711170	T	C	-0.04	0
22	19711170	T	G	0.14	0.01
22	19711171	C	A	0.04	0.01
22	19711171	C	G	-0.1	0.02
22	19711171	C	T	0.02	0
22	19711172	G	A	-0.02	0.01
22	19711172	G	C	0.02	0
22	19711172	G	T	0.09	0.01