Model,Metric,Value
ADD_L,MAE,35628.77423087918
ADD_GE,MAE,14181.747457153942
PW_L,MAE,34297.380249646245
PW_GE,MAE,11751.915435791014
ADD_L,MSE,2661957.831170016
ADD_GE,MSE,506803.502655282
PW_L,MSE,2562687.411721941
PW_GE,MSE,429909.7196888523
ADD_L,RMSE,1631.550744282879
ADD_GE,RMSE,711.9013292973135
PW_L,RMSE,1600.839595875221
PW_GE,RMSE,655.6750107247128
ADD_L,r,0.4501785950304454
ADD_GE,r,0.925773794159787
PW_L,r,0.6571935842034458
PW_GE,r,0.9398086491781588
ADD_L,PCC,0.20266076742358566
ADD_GE,PCC,0.8570571179530087
PW_L,PCC,0.43190340711817227
PW_GE,PCC,0.8832402970700736
ADD_L,MAE,34524.281716482976
ADD_GE,MAE,11423.377451059769
PW_L,MAE,30389.461770816724
PW_GE,MAE,8073.321313040597
ADD_L,MSE,2205353.963584088
ADD_GE,MSE,254045.4241577643
PW_L,MSE,1857088.4735568943
PW_GE,MSE,144663.91299816984
ADD_L,RMSE,1485.043421447362
ADD_GE,RMSE,504.0291897874212
PW_L,RMSE,1362.7503342714301
PW_GE,RMSE,380.34709542491555
ADD_L,r,0.596469300093707
ADD_GE,r,0.9316171384041849
PW_L,r,0.8217310685938345
PW_GE,r,0.9742712900771062
ADD_L,PCC,0.3557756259542759
ADD_GE,PCC,0.8679104925684022
PW_L,PCC,0.6752419490923648
PW_GE,PCC,0.9492045466685065
ADD_L,MAE,32846.11293422932
ADD_GE,MAE,7381.176775912849
PW_L,MAE,30847.445132002536
PW_GE,MAE,7122.151436591635
ADD_L,MSE,2395174.3077769787
ADD_GE,MSE,144916.30315832476
PW_L,MSE,2237599.0175566473
PW_GE,MSE,165776.69816731836
ADD_L,RMSE,1547.635069316077
ADD_GE,RMSE,380.67874009238386
PW_L,RMSE,1495.8606277179192
PW_GE,RMSE,407.1568471330408
ADD_L,r,0.5042236866077736
ADD_GE,r,0.966640038882363
PW_L,r,0.7624307565623532
PW_GE,r,0.9767105213463592
ADD_L,PCC,0.25424152613633416
ADD_GE,PCC,0.934392964770497
PW_L,PCC,0.5813006585522434
PW_GE,PCC,0.9539634425086769
ADD_L,MAE,37833.1885330823
ADD_GE,MAE,8709.412435531616
PW_L,MAE,34228.627903879904
PW_GE,MAE,8761.06772831508
ADD_L,MSE,2574918.240038434
ADD_GE,MSE,167134.76970893872
PW_L,MSE,2277412.201627609
PW_GE,MSE,170339.66281151227
ADD_L,RMSE,1604.6551779240406
ADD_GE,RMSE,408.8211952784967
PW_L,RMSE,1509.1097380997874
PW_GE,RMSE,412.722258681928
ADD_L,r,0.5572318043671429
ADD_GE,r,0.9605934279417447
PW_L,r,0.7848757013721965
PW_GE,r,0.9651341483444466
ADD_L,PCC,0.310507283798263
ADD_GE,PCC,0.9227397338048738
PW_L,PCC,0.616029866604499
PW_GE,PCC,0.9314839243005636
ADD_L,MAE,39045.15295994038
ADD_GE,MAE,12824.688247758513
PW_L,MAE,38112.620767126275
PW_GE,MAE,10083.98886929726
ADD_L,MSE,3060126.8622840494
ADD_GE,MSE,383370.81789974106
PW_L,MSE,2977741.759566576
PW_GE,MSE,299760.2120046368
ADD_L,RMSE,1749.3218292481374
ADD_GE,RMSE,619.1694581451358
PW_L,RMSE,1725.61344442102
PW_GE,RMSE,547.5036182571188
ADD_L,r,0.5130052651630621
ADD_GE,r,0.9295619282410521
PW_L,r,0.7464701278439956
PW_GE,r,0.9582352234280566
ADD_L,PCC,0.2631744020850232
ADD_GE,PCC,0.8640853784352244
PW_L,PCC,0.5572176517634314
PW_GE,PCC,0.9182147434182168
ADD_L,MAE,41220.429600462616
ADD_GE,MAE,10839.986364948505
PW_L,MAE,38495.40637981648
PW_GE,MAE,7954.161526582679
ADD_L,MSE,2843050.4060738734
ADD_GE,MSE,269322.9361675212
PW_L,MSE,2605067.4116009385
PW_GE,MSE,141026.41365478636
ADD_L,RMSE,1686.1347532370814
ADD_GE,RMSE,518.963328345579
PW_L,RMSE,1614.0221224013437
PW_GE,RMSE,375.5348368058366
ADD_L,r,0.6189322074878797
ADD_GE,r,0.9434466105247596
PW_L,r,0.8202263711516
PW_GE,r,0.9821225407223686
ADD_L,PCC,0.3830770774658188
ADD_GE,PCC,0.8900915069106582
PW_L,PCC,0.6727712999325213
PW_GE,PCC,0.9645646849949582
ADD_L,MAE,49169.255448244054
ADD_GE,MAE,11889.715380220996
PW_L,MAE,48257.05169514247
PW_GE,MAE,11307.49908961082
ADD_L,MSE,4021229.112444076
ADD_GE,MSE,283692.60896025976
PW_L,MSE,3928163.2913205507
PW_GE,MSE,269802.6182489554
ADD_L,RMSE,2005.300254935424
ADD_GE,RMSE,532.6280211932713
PW_L,RMSE,1981.9594575370484
PW_GE,RMSE,519.4252768675735
ADD_L,r,0.5097091949727398
ADD_GE,r,0.9530942040528447
PW_L,r,0.7463675740192861
PW_GE,r,0.9727657110045851
ADD_L,PCC,0.2598034634397577
ADD_GE,PCC,0.9083885617991243
PW_L,PCC,0.5570645555474357
PW_GE,PCC,0.9462731285062579
ADD_L,MAE,53626.015185725926
ADD_GE,MAE,13601.283305888272
PW_L,MAE,21241.425106554612
PW_GE,MAE,7693.467547280447
ADD_L,MSE,4020229.5415229886
ADD_GE,MSE,317435.18981924106
PW_L,MSE,427802.47856333485
PW_GE,MSE,103556.36875909742
ADD_L,RMSE,2005.0510072122825
ADD_GE,RMSE,563.4138708083437
PW_L,RMSE,654.0661117680191
PW_GE,RMSE,321.8017538160683
ADD_L,r,0.6717665012925532
ADD_GE,r,0.9446748995930092
PW_L,r,0.9180917353785739
PW_GE,r,0.9808978751512323
ADD_L,PCC,0.4512702322588369
ADD_GE,PCC,0.8924106659210612
PW_L,PCC,0.8428924345704408
PW_GE,PCC,0.962160641476203
ADD_L,MAE,37967.804314282475
ADD_GE,MAE,13179.039228828586
PW_L,MAE,29298.480245084178
PW_GE,MAE,8459.021176785838
ADD_L,MSE,2224020.301795594
ADD_GE,MSE,294122.49988349894
PW_L,MSE,1499541.9635168014
PW_GE,MSE,155117.23583551034
ADD_L,RMSE,1491.3149572761597
ADD_GE,RMSE,542.3306186114693
PW_L,RMSE,1224.557864503267
PW_GE,RMSE,393.84925521766615
ADD_L,r,0.6519404361541745
ADD_GE,r,0.9214087370216639
PW_L,r,0.8613904413392859
PW_GE,r,0.970985731589617
ADD_L,PCC,0.4250263322928953
ADD_GE,PCC,0.8489940606598566
PW_L,PCC,0.7419934924306893
PW_GE,PCC,0.9428132909506242
ADD_L,MAE,45908.485887566385
ADD_GE,MAE,9063.29361728746
PW_L,MAE,35671.67758295487
PW_GE,MAE,7423.6364031811145
ADD_L,MSE,3191448.424915603
ADD_GE,MSE,133926.32513633254
PW_L,MSE,2208878.696399226
PW_GE,MSE,121247.33601884218
ADD_L,RMSE,1786.4625450637366
ADD_GE,RMSE,365.95945832336747
PW_L,RMSE,1486.2296916692337
PW_GE,RMSE,348.20588165457826
ADD_L,r,0.6605802739096364
ADD_GE,r,0.9736392452647344
PW_L,r,0.828213481011858
PW_GE,r,0.9774814794790936
ADD_L,PCC,0.4363662982785302
ADD_GE,PCC,0.9479733799196826
PW_L,PCC,0.6859375701297785
PW_GE,PCC,0.955470042724637
ADD_L,MAE,44219.90950051132
ADD_GE,MAE,10367.317133222306
PW_L,MAE,36777.529334632716
PW_GE,MAE,7667.120482152822
ADD_L,MSE,2888747.057229297
ADD_GE,MSE,184610.14442763093
PW_L,MSE,2217523.7383875363
PW_GE,MSE,111549.73814775766
ADD_L,RMSE,1699.6314474700969
ADD_GE,RMSE,429.6628264437487
PW_L,RMSE,1489.135231732678
PW_GE,RMSE,333.9906258381478
ADD_L,r,0.6385848528721733
ADD_GE,r,0.959348357052486
PW_L,r,0.8566327465910524
PW_GE,r,0.9837762010384341
ADD_L,PCC,0.4077906143177742
ADD_GE,PCC,0.9203492701793022
PW_L,PCC,0.7338196625321305
PW_GE,PCC,0.9678156137296107
ADD_L,MAE,24495.206019440473
ADD_GE,MAE,12076.10327272999
PW_L,MAE,21308.322994212715
PW_GE,MAE,8535.703569100828
ADD_L,MSE,1325415.8032498662
ADD_GE,MSE,371053.1891945884
PW_L,MSE,1144478.9081200943
PW_GE,MSE,280400.4568577458
ADD_L,RMSE,1151.2670425448068
ADD_GE,RMSE,609.1413540341753
PW_L,RMSE,1069.8032099970976
PW_GE,RMSE,529.5285231767461
ADD_L,r,0.5302127584622637
ADD_GE,r,0.8920414209215035
PW_L,r,0.7373710476135479
PW_GE,r,0.9192570472507382
ADD_L,PCC,0.2811255692361623
ADD_GE,PCC,0.7957378966396544
PW_L,PCC,0.5437160618587019
PW_GE,PCC,0.8450335189201466
ADD_L,MAE,83187.8048135407
ADD_GE,MAE,21097.467220384246
PW_L,MAE,27293.521708585777
PW_GE,MAE,10558.68149301957
ADD_L,MSE,8244940.634120356
ADD_GE,MSE,818430.162615599
PW_L,MSE,727544.0642744493
PW_GE,MSE,230804.16072813678
ADD_L,RMSE,2871.4004656474435
ADD_GE,RMSE,904.6713008687735
PW_L,RMSE,852.9619360056164
PW_GE,RMSE,480.42081629352487
ADD_L,r,0.6106437923383176
ADD_GE,r,0.92092563611507
PW_L,r,0.926726597200434
PW_GE,r,0.978670984042501
ADD_L,PCC,0.37288584112132106
ADD_GE,PCC,0.8481040272539464
PW_L,PCC,0.8588221859586949
PW_GE,PCC,0.9577968950067185
ADD_L,MAE,54201.315858451686
ADD_GE,MAE,17955.640061281163
PW_L,MAE,21446.642896846846
PW_GE,MAE,8314.632314720931
ADD_L,MSE,4044885.143117815
ADD_GE,MSE,527351.7968386861
PW_L,MSE,418428.5958798241
PW_GE,MSE,121587.01262009589
ADD_L,RMSE,2011.1899818559696
ADD_GE,RMSE,726.1899178855942
PW_L,RMSE,646.8605691181247
PW_GE,RMSE,348.6932930529291
ADD_L,r,0.650336747782436
ADD_GE,r,0.9121260668534216
PW_L,r,0.9202324119465527
PW_GE,r,0.9771565889558498
ADD_L,PCC,0.4229378855162358
ADD_GE,PCC,0.8319739618334929
PW_L,PCC,0.8468276919969717
PW_GE,PCC,0.9548349993398333
ADD_L,MAE,47936.454137218236
ADD_GE,MAE,16017.416427612303
PW_L,MAE,25225.65327297911
PW_GE,MAE,7497.313014283472
ADD_L,MSE,2812456.914018691
ADD_GE,MSE,347935.3001807614
PW_L,MSE,772244.3275708763
PW_GE,MSE,115676.57862505592
ADD_L,RMSE,1677.0381373178998
ADD_GE,RMSE,589.8604073683547
PW_L,RMSE,878.774332562619
PW_GE,RMSE,340.1125969808468
ADD_L,r,0.6899414543436151
ADD_GE,r,0.9325916855253938
PW_L,r,0.9109262462145415
PW_GE,r,0.9741418220618114
ADD_L,PCC,0.4760192104217832
ADD_GE,PCC,0.8697272519110947
PW_L,PCC,0.8297866260425162
PW_GE,PCC,0.9489522894899083
ADD_L,MAE,77013.02116051498
ADD_GE,MAE,13677.64941343969
PW_L,MAE,20577.956109183175
PW_GE,MAE,6562.046466515988
ADD_L,MSE,6262149.942790606
ADD_GE,MSE,280979.1516496539
PW_L,MSE,388186.8834489011
PW_GE,MSE,61679.04178752295
ADD_L,RMSE,2502.4288087357463
ADD_GE,RMSE,530.0746661081379
PW_L,RMSE,623.0464536845557
PW_GE,RMSE,248.35265609113776
ADD_L,r,0.7658279866670294
ADD_GE,r,0.96581480734318
PW_L,r,0.9501996003881719
PW_GE,r,0.9919787509108405
ADD_L,PCC,0.5864925051624787
ADD_GE,PCC,0.9327982420833418
PW_L,PCC,0.9028792805778417
PW_GE,PCC,0.9840218422586288
ADD_L,MAE,19409.06905279354
ADD_GE,MAE,6223.21396773202
PW_L,MAE,17447.462337844223
PW_GE,MAE,6770.130731349088
ADD_L,MSE,983761.0769753882
ADD_GE,MSE,125340.59521095133
PW_L,MSE,889992.0903290084
PW_GE,MSE,201451.15700524967
ADD_L,RMSE,991.8473052720303
ADD_GE,RMSE,354.0347372941691
PW_L,RMSE,943.3939210791049
PW_GE,RMSE,448.8331059594977
ADD_L,r,0.5072072747143296
ADD_GE,r,0.9499372039501159
PW_L,r,0.696690284749357
PW_GE,r,0.9332830304549402
ADD_L,PCC,0.2572592195231376
ADD_GE,PCC,0.9023806914485639
PW_L,PCC,0.48537735286414047
PW_GE,PCC,0.8710172149351592
ADD_L,MAE,40323.090874029665
ADD_GE,MAE,9775.27801529242
PW_L,MAE,35638.315366044335
PW_GE,MAE,8466.154032882378
ADD_L,MSE,2718997.527863482
ADD_GE,MSE,159360.12214834298
PW_L,MSE,2314363.2189866495
PW_GE,MSE,161201.11743390313
ADD_L,RMSE,1648.9383032313494
ADD_GE,RMSE,399.19935138767823
PW_L,RMSE,1521.303131853297
PW_GE,RMSE,401.4985895789712
ADD_L,r,0.6314058056307178
ADD_GE,r,0.9696614744962686
PW_L,r,0.8100485096755279
PW_GE,r,0.9808804303790362
ADD_L,PCC,0.3986732913841758
ADD_GE,PCC,0.9402433751222771
PW_L,PCC,0.6561785880275444
PW_GE,PCC,0.9621264187005651
ADD_L,MAE,52656.47966155227
ADD_GE,MAE,10530.959381687397
PW_L,MAE,49355.15264491645
PW_GE,MAE,6642.090507818728
ADD_L,MSE,4340931.91712956
ADD_GE,MSE,206877.9796708908
PW_L,MSE,3993486.9451211123
PW_GE,MSE,80095.59481869586
ADD_L,RMSE,2083.4903208629407
ADD_GE,RMSE,454.8384105051934
PW_L,RMSE,1998.3710729294278
PW_GE,RMSE,283.0116513832882
ADD_L,r,0.584859107849022
ADD_GE,r,0.9686814071532266
PW_L,r,0.8091071554507856
PW_GE,r,0.9889475246044064
ADD_L,PCC,0.3420601760339538
ADD_GE,PCC,0.9383436685643538
PW_L,PCC,0.6546543890016605
PW_GE,PCC,0.9780172064211841
ADD_L,MAE,47465.58197395169
ADD_GE,MAE,9011.622793080855
PW_L,MAE,43655.26972961426
PW_GE,MAE,6439.728138826331
ADD_L,MSE,3413038.9000118496
ADD_GE,MSE,136927.59740643835
PW_L,MSE,3040238.416503094
PW_GE,MSE,77153.09785838252
ADD_L,RMSE,1847.4411763333223
ADD_GE,RMSE,370.0372919131778
PW_L,RMSE,1743.6279466970855
PW_GE,RMSE,277.76446471494967
ADD_L,r,0.6791754463800972
ADD_GE,r,0.9723661617734607
PW_L,r,0.8236610980927648
PW_GE,r,0.9897267460325333
ADD_L,PCC,0.46127928696560505
ADD_GE,PCC,0.9454959525620537
PW_L,PCC,0.6784176045113808
PW_GE,PCC,0.9795590318121473
ADD_L,MAE,39934.670111442094
ADD_GE,MAE,12510.883713702766
PW_L,MAE,38623.44940029844
PW_GE,MAE,7928.152841684769
ADD_L,MSE,2296496.357203869
ADD_GE,MSE,321526.28494364634
PW_L,MSE,2190874.11027758
PW_GE,MSE,141121.0352182666
ADD_L,RMSE,1515.4195317481788
ADD_GE,RMSE,567.0328781857771
PW_L,RMSE,1480.1601637247168
PW_GE,RMSE,375.6607980855423
ADD_L,r,0.49574672384819995
ADD_GE,r,0.9208392233328433
PW_L,r,0.7936592704896791
PW_GE,r,0.9680322569652325
ADD_L,PCC,0.24576481420622337
ADD_GE,PCC,0.8479448752282355
PW_L,PCC,0.6298950376342084
PW_GE,PCC,0.9370864505252027
ADD_L,MAE,55618.6685968905
ADD_GE,MAE,12986.991914826995
PW_L,MAE,49264.50228395267
PW_GE,MAE,7240.448691115087
ADD_L,MSE,4385091.338988672
ADD_GE,MSE,271366.3135226882
PW_L,MSE,3667794.844058683
PW_GE,MSE,83861.19556301399
ADD_L,RMSE,2094.060968307435
ADD_GE,RMSE,520.9283189870639
PW_L,RMSE,1915.1487785701358
PW_GE,RMSE,289.5879755152378
ADD_L,r,0.6204415015953144
ADD_GE,r,0.959488542782284
PW_L,r,0.8376046661529445
PW_GE,r,0.9864598183276967
ADD_L,PCC,0.3849476569018488
ADD_GE,PCC,0.9206182637304717
PW_L,PCC,0.7015815767611842
PW_GE,PCC,0.973102973175112
ADD_L,MAE,21607.769871809043
ADD_GE,MAE,10338.482969284058
PW_L,MAE,20451.938108522063
PW_GE,MAE,5899.458244129102
ADD_L,MSE,897191.1844278432
ADD_GE,MSE,298844.7924027326
PW_L,MSE,844791.8544526891
PW_GE,MSE,141433.78454944887
ADD_L,RMSE,947.2017654269038
ADD_GE,RMSE,546.6669849211058
PW_L,RMSE,919.1255923173335
PW_GE,RMSE,376.07683330597337
ADD_L,r,0.4653349030596969
ADD_GE,r,0.8909160034900178
PW_L,r,0.7111973070864854
PW_GE,r,0.929362300076569
ADD_L,PCC,0.21653657200557713
ADD_GE,PCC,0.7937313252746242
PW_L,PCC,0.505801609607069
PW_GE,PCC,0.8637142848036083
ADD_L,MAE,47360.36074397028
ADD_GE,MAE,10558.863161631993
PW_L,MAE,39099.24562216778
PW_GE,MAE,6132.5048925438705
ADD_L,MSE,2974475.4882343025
ADD_GE,MSE,195162.03698580182
PW_L,MSE,2205945.477601704
PW_GE,MSE,69281.08036993757
ADD_L,RMSE,1724.6667759988602
ADD_GE,RMSE,441.7714759757604
PW_L,RMSE,1485.2425652403394
PW_GE,RMSE,263.21299430297427
ADD_L,r,0.6987367235886695
ADD_GE,r,0.95260385093723
PW_L,r,0.8612366329300352
PW_GE,r,0.9844589763471175
ADD_L,PCC,0.4882330088914288
ADD_GE,PCC,0.9074540968204415
PW_L,PCC,0.7417285379006621
PW_GE,PCC,0.9691594761104116
ADD_L,MAE,40628.486402433744
ADD_GE,MAE,13393.10751879945
PW_L,MAE,14372.472540485614
PW_GE,MAE,5830.08307889043
ADD_L,MSE,1717004.7527710611
ADD_GE,MSE,261020.1504960266
PW_L,MSE,227774.68519540894
PW_GE,MSE,63227.36914629971
ADD_L,RMSE,1310.345279981983
ADD_GE,RMSE,510.90131189499465
PW_L,RMSE,477.25746216838655
PW_GE,RMSE,251.45053021677984
ADD_L,r,0.7663615756173378
ADD_GE,r,0.9381434673582923
PW_L,r,0.9425985037679128
PW_GE,r,0.9852050945318421
ADD_L,PCC,0.5873100645826873
ADD_GE,PCC,0.8801131653470377
PW_L,PCC,0.8884919393055066
PW_GE,PCC,0.9706290782914951
ADD_L,MAE,30661.16612008153
ADD_GE,MAE,13864.521736495348
PW_L,MAE,28503.490188423464
PW_GE,MAE,8402.01640411299
ADD_L,MSE,1740761.833986607
ADD_GE,MSE,458446.8259446495
PW_L,MSE,1595299.4229856557
PW_GE,MSE,223410.6764990155
ADD_L,RMSE,1319.379336652885
ADD_GE,RMSE,677.0870150465519
PW_L,RMSE,1263.0516311638473
PW_GE,RMSE,472.66338603599866
ADD_L,r,0.545609511559014
ADD_GE,r,0.8767277723604439
PW_L,r,0.7495519313113772
PW_GE,r,0.9455032722818677
ADD_L,PCC,0.29768973910366625
ADD_GE,PCC,0.7686515868281053
PW_L,PCC,0.5618280977326136
PW_GE,PCC,0.8939764378957205
ADD_L,MAE,50261.797274219745
ADD_GE,MAE,22182.007944963414
PW_L,MAE,21034.035857453637
PW_GE,MAE,10007.832409255358
ADD_L,MSE,1830871.8562319137
ADD_GE,MSE,715076.8452229402
PW_L,MSE,510527.5937365938
PW_GE,MSE,171523.72430052812
ADD_L,RMSE,1353.097134810326
ADD_GE,RMSE,845.6221645764379
PW_L,RMSE,714.5121368714416
PW_GE,RMSE,414.15422767433887
ADD_L,r,0.8308467829129016
ADD_GE,r,0.9359949877872886
PW_L,r,0.9516386450205154
PW_GE,r,0.9841854091086839
ADD_L,PCC,0.6903063766767197
ADD_GE,PCC,0.8760866171629259
PW_L,PCC,0.9056161106964824
PW_GE,PCC,0.9686209195024275
ADD_L,MAE,25212.875120824694
ADD_GE,MAE,5943.509718213762
PW_L,MAE,21118.157751044448
PW_GE,MAE,4470.320017444844
ADD_L,MSE,1065420.8143656298
ADD_GE,MSE,76287.824356666
PW_L,MSE,849679.7239409394
PW_GE,MSE,60589.92622074049
ADD_L,RMSE,1032.1922371175003
ADD_GE,RMSE,276.2025060651442
PW_L,RMSE,921.7807352841236
PW_GE,RMSE,246.15021068595593
ADD_L,r,0.6645595246943803
ADD_GE,r,0.9590327760907371
PW_L,r,0.8174066022793705
PW_GE,r,0.9686262322676888
ADD_L,PCC,0.44163936186202096
ADD_GE,PCC,0.9197438656163072
PW_L,PCC,0.6681535534499057
PW_GE,PCC,0.9382367778370978
ADD_L,MAE,38198.11961224614
ADD_GE,MAE,7961.896470128273
PW_L,MAE,34832.43922144052
PW_GE,MAE,5880.299317106908
ADD_L,MSE,2247485.5294949096
ADD_GE,MSE,118752.47905387772
PW_L,MSE,1986038.302419818
PW_GE,MSE,65359.37856675959
ADD_L,RMSE,1499.1616088650715
ADD_GE,RMSE,344.6048157729049
PW_L,RMSE,1409.2687119282177
PW_GE,RMSE,255.6548035276466
ADD_L,r,0.633202985762784
ADD_GE,r,0.9628231546047032
PW_L,r,0.8366295642486961
PW_GE,r,0.9866602984432495
ADD_L,PCC,0.40094602117890527
ADD_GE,PCC,0.9270284270429535
PW_L,PCC,0.699949027774963
PW_GE,PCC,0.973498544524124
ADD_L,MAE,48313.47680107428
ADD_GE,MAE,8070.741267496225
PW_L,MAE,45498.09717754441
PW_GE,MAE,4902.37516870304
ADD_L,MSE,3628961.6848577196
ADD_GE,MSE,113767.08485573086
PW_L,MSE,3354519.600276926
PW_GE,MSE,47869.744008714064
ADD_L,RMSE,1904.9833817799356
ADD_GE,RMSE,337.2937664050892
PW_L,RMSE,1831.5347663303926
PW_GE,RMSE,218.7915537874213
ADD_L,r,0.6348271747331236
ADD_GE,r,0.9790776065386309
PW_L,r,0.8261730556604132
PW_GE,r,0.9910406493162289
ADD_L,PCC,0.4030055417796402
ADD_GE,PCC,0.9585929596254142
PW_L,PCC,0.6825619178992637
PW_GE,PCC,0.9821615685971344
ADD_L,MAE,58842.50583644788
ADD_GE,MAE,34415.07700702122
PW_L,MAE,25440.331528293842
PW_GE,MAE,13378.7279406567
ADD_L,MSE,2529580.1565744793
ADD_GE,MSE,1695747.182988966
PW_L,MSE,676394.8006939226
PW_GE,MSE,340353.76201761863
ADD_L,RMSE,1590.4653899329212
ADD_GE,RMSE,1302.208578910831
PW_L,RMSE,822.4322468713898
PW_GE,RMSE,583.3984590463182
ADD_L,r,0.827140007365286
ADD_GE,r,0.9084309400982332
PW_L,r,0.9537629399947068
PW_GE,r,0.9785867866601768
ADD_L,PCC,0.6841605917842444
ADD_GE,PCC,0.825246772927761
PW_L,PCC,0.9096637457073472
PW_GE,PCC,0.9576320990258885
ADD_L,MAE,65832.77846028852
ADD_GE,MAE,16017.691705509107
PW_L,MAE,24045.61256634459
PW_GE,MAE,7054.43054790886
ADD_L,MSE,5529483.424496887
ADD_GE,MSE,452757.96377959347
PW_L,MSE,518346.64336326043
PW_GE,MSE,95808.09578022492
ADD_L,RMSE,2351.4853655714905
ADD_GE,RMSE,672.8729180013069
PW_L,RMSE,719.9629458265616
PW_GE,RMSE,309.5288286738812
ADD_L,r,0.5806735903617936
ADD_GE,r,0.9377843907161016
PW_L,r,0.9217732285640253
PW_GE,r,0.9863126619171356
ADD_L,PCC,0.33718181854365564
ADD_GE,PCC,0.8794395634707712
PW_L,PCC,0.8496658848973436
PW_GE,PCC,0.9728126670580621
ADD_L,MAE,32933.48763337427
ADD_GE,MAE,4851.10933794294
PW_L,MAE,30984.080409303002
PW_GE,MAE,4189.5126468891995
ADD_L,MSE,1588387.1921907084
ADD_GE,MSE,39024.34957884551
PW_L,MSE,1456708.654681483
PW_GE,MSE,38365.24788419587
ADD_L,RMSE,1260.3123391408608
ADD_GE,RMSE,197.5458164043104
PW_L,RMSE,1206.9418605224873
PW_GE,RMSE,195.87048752733494
ADD_L,r,0.6700470405206961
ADD_GE,r,0.9821779608014201
PW_L,r,0.8547624254552362
PW_GE,r,0.9893399959919829
ADD_L,PCC,0.4489630365105432
ADD_GE,PCC,0.9646735466840317
PW_L,PCC,0.730618803970117
PW_GE,PCC,0.9787936276694206
ADD_L,MAE,14998.954739590079
ADD_GE,MAE,6877.598858152117
PW_L,MAE,12980.027985319799
PW_GE,MAE,5004.626875741141
ADD_L,MSE,549537.7889812265
ADD_GE,MSE,147692.56607215188
PW_L,MSE,474861.94325285795
PW_GE,MSE,109767.90991748562
ADD_L,RMSE,741.3081606061183
ADD_GE,RMSE,384.30790529489747
PW_L,RMSE,689.1022734346898
PW_GE,RMSE,331.3124053178293
ADD_L,r,0.5094697874593093
ADD_GE,r,0.9005669235910851
PW_L,r,0.7016489846117037
PW_GE,r,0.9294255752691549
ADD_L,PCC,0.25955946433383387
ADD_GE,PCC,0.8110207838663096
PW_L,PCC,0.4923112976066352
PW_GE,PCC,0.8638318999644001
ADD_L,MAE,32389.055230432623
ADD_GE,MAE,7445.320327603086
PW_L,MAE,23844.513061679136
PW_GE,MAE,4306.214893185363
ADD_L,MSE,1462775.6277563674
ADD_GE,MSE,97866.12251240265
PW_L,MSE,920875.4055554257
PW_GE,MSE,32927.46451230703
ADD_L,RMSE,1209.4526149280787
ADD_GE,RMSE,312.8356157991009
PW_L,RMSE,959.6225328510297
PW_GE,RMSE,181.45926405754827
ADD_L,r,0.6507046598445492
ADD_GE,r,0.9556791461537273
PW_L,r,0.8527393303103594
PW_GE,r,0.9861866679936638
ADD_L,PCC,0.4234165543434113
ADD_GE,PCC,0.9133226303931166
PW_L,PCC,0.727164365458159
PW_GE,PCC,0.9725641441284438
ADD_L,MAE,14057.787852871174
ADD_GE,MAE,3165.32420888239
PW_L,MAE,12958.628334142722
PW_GE,MAE,3456.901392508526
ADD_L,MSE,436891.97038551926
ADD_GE,MSE,28808.493156651497
PW_L,MSE,400846.16557628056
PW_GE,MSE,42487.41878106658
ADD_L,RMSE,660.9780407740633
ADD_GE,RMSE,169.73064884295792
PW_L,RMSE,633.1241312541172
PW_GE,RMSE,206.12476508432115
ADD_L,r,0.5764977913053272
ADD_GE,r,0.9701697308978435
PW_L,r,0.76169591851546
PW_GE,r,0.9703872567771533
ADD_L,PCC,0.3323497033799206
ADD_GE,PCC,0.9412293067503947
PW_L,PCC,0.5801806722831107
PW_GE,PCC,0.9416514281154904
ADD_L,MAE,28408.606449827854
ADD_GE,MAE,16863.968996476153
PW_L,MAE,25774.749470457737
PW_GE,MAE,8985.717273634307
ADD_L,MSE,1701617.7865792147
ADD_GE,MSE,802817.7545005262
PW_L,MSE,1534385.0122508898
PW_GE,MSE,321343.9704983078
ADD_L,RMSE,1304.460726346031
ADD_GE,RMSE,896.0009790734194
PW_L,RMSE,1238.702955615627
PW_GE,RMSE,566.8720935963489
ADD_L,r,0.5164484245042537
ADD_GE,r,0.8130460455630337
PW_L,r,0.7044511646720436
PW_GE,r,0.922861944280899
ADD_L,PCC,0.26671897517292603
ADD_GE,PCC,0.6610438722056851
PW_L,PCC,0.49625144340779964
PW_GE,PCC,0.8516741682019225
ADD_L,MAE,19391.874552512654
ADD_GE,MAE,5914.093824503373
PW_L,MAE,18489.454894085316
PW_GE,MAE,5028.677643172595
ADD_L,MSE,727861.9883473894
ADD_GE,MSE,86923.76372646226
PW_L,MSE,686579.7177628758
PW_GE,MSE,85513.16620410877
ADD_L,RMSE,853.1482803987765
ADD_GE,RMSE,294.8283631648459
PW_L,RMSE,828.6010606817226
PW_GE,RMSE,292.4263432116005
ADD_L,r,0.5085204701356684
ADD_GE,r,0.9378744154114574
PW_L,r,0.739911858184526
PW_GE,r,0.953772000119859
ADD_L,PCC,0.2585930685470013
ADD_GE,PCC,0.8796084190833828
PW_L,PCC,0.5474695578820777
PW_GE,PCC,0.9096810282126369
ADD_L,MAE,32291.864590236117
ADD_GE,MAE,8081.66447900266
PW_L,MAE,27867.514154239576
PW_GE,MAE,5723.9153031329715
ADD_L,MSE,1705282.844434202
ADD_GE,MSE,132898.77583720183
PW_L,MSE,1397857.5413288397
PW_GE,MSE,82702.41227705796
ADD_L,RMSE,1305.8647879601479
ADD_GE,RMSE,364.5528436827805
PW_L,RMSE,1182.3102559518122
PW_GE,RMSE,287.580271014995
ADD_L,r,0.6759326239613194
ADD_GE,r,0.9501004309642855
PW_L,r,0.8116746260855285
PW_GE,r,0.9755276857931647
ADD_L,PCC,0.4568849121352339
ADD_GE,PCC,0.9026908289185193
PW_L,PCC,0.658815698631082
PW_GE,PCC,0.9516542657489669
ADD_L,MAE,35904.474489718064
ADD_GE,MAE,6350.314095477668
PW_L,MAE,34462.22478002431
PW_GE,MAE,6472.9677617598545
ADD_L,MSE,2399329.0873048953
ADD_GE,MSE,70827.23411412243
PW_L,MSE,2286257.0622969726
PW_GE,MSE,96594.5268730599
ADD_L,RMSE,1548.9767872066047
ADD_GE,RMSE,266.13386502683653
PW_L,RMSE,1512.0373878634657
PW_GE,RMSE,310.79660048504377
ADD_L,r,0.5006803751261386
ADD_GE,r,0.9820691079716707
PW_L,r,0.756098919606911
PW_GE,r,0.98553001092725
ADD_L,PCC,0.25068083803645064
ADD_GE,PCC,0.9644597328322722
PW_L,PCC,0.571685576230737
PW_GE,PCC,0.9712694024382651
ADD_L,MAE,15248.26170279055
ADD_GE,MAE,8674.058418429628
PW_L,MAE,14588.086326871598
PW_GE,MAE,6407.927111917612
ADD_L,MSE,615947.6271662177
ADD_GE,MSE,264392.53135871555
PW_L,MSE,592575.7631332976
PW_GE,MSE,180626.46155263277
ADD_L,RMSE,784.823309520186
ADD_GE,RMSE,514.1911428240626
PW_L,RMSE,769.7894277874291
PW_GE,RMSE,425.00171947020726
ADD_L,r,0.4660084255533177
ADD_GE,r,0.8611461394308015
PW_L,r,0.6767728788339109
PW_GE,r,0.9103027478614989
ADD_L,PCC,0.21716385268668206
ADD_GE,PCC,0.7415726734565733
PW_L,PCC,0.45802152952513886
PW_GE,PCC,0.8286510927641934
ADD_L,MAE,58683.147951437495
ADD_GE,MAE,14706.961827764704
PW_L,MAE,32075.167472294397
PW_GE,MAE,7061.76174821659
ADD_L,MSE,4109503.1482763416
ADD_GE,MSE,331635.43709520024
PW_L,MSE,1373757.1955704447
PW_GE,MSE,86723.2872565318
ADD_L,RMSE,2027.1909501268847
ADD_GE,RMSE,575.8779706632303
PW_L,RMSE,1172.0738865662202
PW_GE,RMSE,294.48817846652486
ADD_L,r,0.7150271723067176
ADD_GE,r,0.9428540268817721
PW_L,r,0.9006874098338742
PW_GE,r,0.9838851132787443
ADD_L,PCC,0.5112638571369407
ADD_GE,PCC,0.8889737160071726
PW_L,PCC,0.8112378102332543
PW_GE,PCC,0.9680299161315292
ADD_L,MAE,32126.434094020296
ADD_GE,MAE,7281.563065509406
PW_L,MAE,28508.17365638577
PW_GE,MAE,7110.994256000129
ADD_L,MSE,1681734.7604567884
ADD_GE,MSE,87917.9692829956
PW_L,MSE,1426317.7818545445
PW_GE,MSE,99837.58859092575
ADD_L,RMSE,1296.8171653925576
ADD_GE,RMSE,296.5096445024944
PW_L,RMSE,1194.2854691632754
PW_GE,RMSE,315.97086668065737
ADD_L,r,0.6184260583954345
ADD_GE,r,0.9739182079697628
PW_L,r,0.8393812098280226
PW_GE,r,0.9869947689455504
ADD_L,PCC,0.3824507897025134
ADD_GE,PCC,0.9485166758150331
PW_L,PCC,0.7045608154123537
PW_GE,PCC,0.9741586739258782
ADD_L,MAE,18518.839284643833
ADD_GE,MAE,12138.159780093602
PW_L,MAE,17757.472403467917
PW_GE,MAE,7568.858318893276
ADD_L,MSE,863580.6230060054
ADD_GE,MSE,506908.1945730633
PW_L,MSE,832443.0978532903
PW_GE,MSE,241621.57616849986
ADD_L,RMSE,929.2903868038264
ADD_GE,RMSE,711.9748552955106
PW_L,RMSE,912.3831968275666
PW_GE,RMSE,491.5501766539199
ADD_L,r,0.40513532931786955
ADD_GE,r,0.8086760339206202
PW_L,r,0.616011221761313
PW_GE,r,0.9147598584081795
ADD_L,PCC,0.16413463506149795
ADD_GE,PCC,0.653956927837583
PW_L,PCC,0.3794698253358648
PW_GE,PCC,0.8367855985549523
ADD_L,MAE,54830.5703528268
ADD_GE,MAE,15587.238733875507
PW_L,MAE,20655.34108111323
PW_GE,MAE,7141.239338310397
ADD_L,MSE,3853754.468453979
ADD_GE,MSE,417021.0962161259
PW_L,MSE,482283.4510199093
PW_GE,MSE,96720.09926248572
ADD_L,RMSE,1963.0981810530973
ADD_GE,RMSE,645.7717059581705
PW_L,RMSE,694.4663066124298
PW_GE,RMSE,310.9985518655766
ADD_L,r,0.49934088409589417
ADD_GE,r,0.919507828040507
PW_L,r,0.9175158410952191
PW_GE,r,0.9807097859627747
ADD_L,PCC,0.24934131852966987
ADD_GE,PCC,0.8454946458277708
PW_L,PCC,0.8418353186606687
PW_GE,PCC,0.9617916842831513
ADD_L,MAE,44076.964683532715
ADD_GE,MAE,21837.137290721035
PW_L,MAE,17559.30614689418
PW_GE,MAE,8418.40651235775
ADD_L,MSE,1461320.523883473
ADD_GE,MSE,600793.6688073762
PW_L,MSE,354760.9430330575
PW_GE,MSE,142826.35284573384
ADD_L,RMSE,1208.850910527627
ADD_GE,RMSE,775.1088109468091
PW_L,RMSE,595.6181184559931
PW_GE,RMSE,377.923739457756
ADD_L,r,0.8273378730575932
ADD_GE,r,0.9282618604858665
PW_L,r,0.9526209949351185
PW_GE,r,0.9822726296673472
ADD_L,PCC,0.6844879561954613
ADD_GE,PCC,0.8616700816326812
PW_L,PCC,0.9074867599911768
PW_GE,PCC,0.9648595189936048
ADD_L,MAE,7545.127715285943
ADD_GE,MAE,3326.526554341219
PW_L,MAE,7239.528941407495
PW_GE,MAE,3234.342538016183
ADD_L,MSE,169039.15009103084
ADD_GE,MSE,46433.70804513213
PW_L,MSE,163229.0132012197
PW_GE,MSE,49644.1417227317
ADD_L,RMSE,411.1437097792338
ADD_GE,RMSE,215.48482091584114
PW_L,RMSE,404.0161051260453
PW_GE,RMSE,222.80965356719108
ADD_L,r,0.44119420278738447
ADD_GE,r,0.9204048378795444
PW_L,r,0.6383675110878604
PW_GE,r,0.919941414417114
ADD_L,PCC,0.19465232457319606
ADD_GE,PCC,0.8471450655920681
PW_L,PCC,0.4075130792125094
PW_GE,PCC,0.8462922059597602
ADD_L,MAE,79544.7764950577
ADD_GE,MAE,13392.82955959865
PW_L,MAE,20544.601561682564
PW_GE,MAE,6384.961597559403
ADD_L,MSE,6866802.791062348
ADD_GE,MSE,343494.53395529394
PW_L,MSE,421760.57926963584
PW_GE,MSE,66204.82513714567
ADD_L,RMSE,2620.458507792548
ADD_GE,RMSE,586.0840673105641
PW_L,RMSE,649.4309657458873
PW_GE,RMSE,257.3029831485552
ADD_L,r,0.7270376310280691
ADD_GE,r,0.9588418895630181
PW_L,r,0.9442431356771273
PW_GE,r,0.9916827612029355
ADD_L,PCC,0.528583716930906
ADD_GE,PCC,0.9193777691807764
PW_L,PCC,0.8915950992733764
PW_GE,PCC,0.9834346988670789
ADD_L,MAE,14176.178243617622
ADD_GE,MAE,3189.5498846404403
PW_L,MAE,13248.914015828346
PW_GE,MAE,3262.0529329922733
ADD_L,MSE,377338.75254267565
ADD_GE,MSE,23063.896832921073
PW_L,MSE,348831.85069480183
PW_GE,MSE,30680.847349852895
ADD_L,RMSE,614.2790510368034
ADD_GE,RMSE,151.868024392632
PW_L,RMSE,590.6198868094452
PW_GE,RMSE,175.1594911783341
ADD_L,r,0.5921888127467773
ADD_GE,r,0.9657519729442484
PW_L,r,0.7925275444176392
PW_GE,r,0.9736729832762159
ADD_L,PCC,0.35068758994243643
ADD_GE,PCC,0.9326768732457077
PW_L,PCC,0.6280999086606521
PW_GE,PCC,0.948039078362009
ADD_L,MAE,55410.92219177557
ADD_GE,MAE,29612.304706729185
PW_L,MAE,25877.946907666264
PW_GE,MAE,12994.767498639165
ADD_L,MSE,2209411.168716525
ADD_GE,MSE,1355631.8239663714
PW_L,MSE,662809.7265156031
PW_GE,MSE,314815.9937699489
ADD_L,RMSE,1486.4088161459906
ADD_GE,RMSE,1164.3160326845848
PW_L,RMSE,814.1312710586685
PW_GE,RMSE,561.0846582913748
ADD_L,r,0.8257677750713359
ADD_GE,r,0.9100495404730005
PW_L,r,0.9478381572245517
PW_GE,r,0.9769174754754658
ADD_L,PCC,0.6818924183462651
ADD_GE,PCC,0.8281901661151173
PW_L,PCC,0.8983971722908346
PW_GE,PCC,0.9543677538893558
